#
# A fatal error has been detected by the Java Runtime Environment:
#
#  EXCEPTION_ACCESS_VIOLATION (0xc0000005) at pc=0x0000000000000003, pid=17340, tid=53708
#
# JRE version: OpenJDK Runtime Environment (17.0.0.1+2) (build 17.0.0.1+2-3)
# Java VM: OpenJDK 64-Bit Server VM (17.0.0.1+2-3, mixed mode, sharing, tiered, compressed oops, compressed class ptrs, g1 gc, windows-amd64)
# Problematic frame:
# C  0x0000000000000003
#
# No core dump will be written. Minidumps are not enabled by default on client versions of Windows
#
# If you would like to submit a bug report, please visit:
#   https://bugreport.java.com/bugreport/crash.jsp
#

---------------  S U M M A R Y ------------

Command Line: --add-opens=java.base/java.lang=ALL-UNNAMED --add-opens=java.base/java.lang.invoke=ALL-UNNAMED --add-opens=java.base/java.util=ALL-UNNAMED --add-opens=java.prefs/java.util.prefs=ALL-UNNAMED --add-exports=jdk.compiler/com.sun.tools.javac.api=ALL-UNNAMED --add-exports=jdk.compiler/com.sun.tools.javac.util=ALL-UNNAMED --add-opens=java.base/java.util=ALL-UNNAMED --add-opens=java.prefs/java.util.prefs=ALL-UNNAMED --add-opens=java.base/java.nio.charset=ALL-UNNAMED --add-opens=java.base/java.net=ALL-UNNAMED --add-opens=java.base/java.util.concurrent=ALL-UNNAMED --add-opens=java.base/java.util.concurrent.atomic=ALL-UNNAMED --add-opens=java.xml/javax.xml.namespace=ALL-UNNAMED --add-opens=java.base/java.time=ALL-UNNAMED -Xmx2048m -Dfile.encoding=UTF-8 -Duser.country=CN -Duser.language=zh -Duser.variant -javaagent:D:\Android\GradleRepository\wrapper\dists\gradle-9.3.1-bin\23ovyewtku6u96viwx3xl3oks\gradle-9.3.1\lib\agents\gradle-instrumentation-agent-9.3.1.jar org.gradle.launcher.daemon.bootstrap.GradleDaemon 9.3.1

Host: Intel(R) Core(TM) i5-10600K CPU @ 4.10GHz, 12 cores, 31G,  Windows 10 , 64 bit Build 26100 (10.0.26100.8521)
Time: Fri Jul  3 17:18:39 2026  Windows 10 , 64 bit Build 26100 (10.0.26100.8521) elapsed time: 15888.693775 seconds (0d 4h 24m 48s)

---------------  T H R E A D  ---------------

Current thread (0x000001e1229fbaf0):  ConcurrentGCThread "G1 Conc#0" [stack: 0x00000078a5200000,0x00000078a5300000] [id=53708]

Stack: [0x00000078a5200000,0x00000078a5300000],  sp=0x00000078a52ff9d8,  free space=1022k
Native frames: (J=compiled Java code, j=interpreted, Vv=VM code, C=native code)
C  0x0000000000000003


siginfo: EXCEPTION_ACCESS_VIOLATION (0xc0000005), data execution prevention violation at address 0x0000000000000003


Register to memory mapping:

RIP=0x0000000000000003 is an unknown value
RAX=0x00007ffa49693d70 jvm.dll
RBX=0x00000000063bb6b2 is an unknown value
RCX=0x00000078a52ffb30 points into unknown readable memory: 0x00007ffa494ff358 | 58 f3 4f 49 fa 7f 00 00
RDX=0x0000000082c56e40 points into unknown readable memory: 0x0000000000000001 | 01 00 00 00 00 00 00 00
RSP=0x00000078a52ff9d8 points into unknown readable memory: 0x00007ffa48edfe71 | 71 fe ed 48 fa 7f 00 00
RBP=0x00000078a52ffb30 points into unknown readable memory: 0x00007ffa494ff358 | 58 f3 4f 49 fa 7f 00 00
RSI=0x0000000082c56e40 points into unknown readable memory: 0x0000000000000001 | 01 00 00 00 00 00 00 00
RDI=0x0000000800010d58 is pointing into metadata
R8 =0x0000000800010d58 is pointing into metadata
R9 =0x00000000000001e1 is an unknown value
R10=0x0000000800000000 is pointing into metadata
R11=0x0000000000000004 is an unknown value
R12=0x0 is NULL
R13=0xaaaaaaaaaaaaaaab is an unknown value
R14=0x0 is NULL
R15=0x00000078a52ffaf0 points into unknown readable memory: 0x000001e1229e7410 | 10 74 9e 22 e1 01 00 00


Registers:
RAX=0x00007ffa49693d70, RBX=0x00000000063bb6b2, RCX=0x00000078a52ffb30, RDX=0x0000000082c56e40
RSP=0x00000078a52ff9d8, RBP=0x00000078a52ffb30, RSI=0x0000000082c56e40, RDI=0x0000000800010d58
R8 =0x0000000800010d58, R9 =0x00000000000001e1, R10=0x0000000800000000, R11=0x0000000000000004
R12=0x0000000000000000, R13=0xaaaaaaaaaaaaaaab, R14=0x0000000000000000, R15=0x00000078a52ffaf0
RIP=0x0000000000000003, EFLAGS=0x0000000000010206

Top of Stack: (sp=0x00000078a52ff9d8)
0x00000078a52ff9d8:   00007ffa48edfe71 0000000800189ba8
0x00000078a52ff9e8:   0000000000000004 00000078a52ffb30
0x00000078a52ff9f8:   00007ffa48edfe71 0000000082c56e40
0x00000078a52ffa08:   00007ffa48ef3228 000001e1229fe020
0x00000078a52ffa18:   0000000000000040 0000000000000042
0x00000078a52ffa28:   00007ffa48ef56ee 0000000000000001
0x00000078a52ffa38:   0000000084bc7050 00000078a52ffaf0
0x00000078a52ffa48:   000001e1229e7460 0000000000978e0a
0x00000078a52ffa58:   00007ffa48ef1e6c 0000000000978e0a
0x00000078a52ffa68:   0000000000000000 0000000082c56e40
0x00000078a52ffa78:   00007ffa48ef33c4 000000000097ffb8
0x00000078a52ffa88:   00007ffa48ef37bc 0000000084bc7030
0x00000078a52ffa98:   0000000000978e0a 0000000001f7102e
0x00000078a52ffaa8:   00000000002887fa 000001e1229fbdb0
0x00000078a52ffab8:   0000000000000001 000001e1229fe020
0x00000078a52ffac8:   00007ffa48ef2794 0000000000000555 

Instructions: (pc=0x0000000000000003)
0xffffffffffffff03:   


Stack slot to memory mapping:
stack at sp + 0 slots: 0x00007ffa48edfe71 jvm.dll
stack at sp + 1 slots: 0x0000000800189ba8 is a pointer to class: 
java.util.concurrent.ConcurrentHashMap$Node {0x0000000800189bb0}
 - instance size:     4
 - klass size:        73
 - access:            synchronized 
 - state:             fully_initialized
 - name:              'java/util/concurrent/ConcurrentHashMap$Node'
 - super:             'java/lang/Object'
 - sub:               'java/util/concurrent/ConcurrentHashMap$TreeBin'   'java/util/concurrent/ConcurrentHashMap$TreeNode'   'java/util/concurrent/ConcurrentHashMap$ForwardingNode'   'java/util/concurrent/ConcurrentHashMap$ReservationNode'   (0 more klasses...)
 - arrays:            'java/util/concurrent/ConcurrentHashMap$Node'[]
 - methods:           Array<T>(0x0000000800789b50)
 - method ordering:   Array<T>(0x0000000800789cb0)
 - default_methods:   Array<T>(0x0000000000000000)
 - local interfaces:  Array<T>(0x0000000800787e48)
 - trans. interfaces: Array<T>(0x0000000800787e48)
 - constants:         constant pool [97] {0x00000008007897c8} for 'java/util/concurrent/ConcurrentHashMap$Node' cache=0x000000080018c7d8
 - class loader data:  loader data: 0x000001e140e02970 of 'bootstrap'
 - source file:       'ConcurrentHashMap.java'
 - class annotations:       Array<T>(0x0000000000000000)
 - class type annotations:  Array<T>(0x0000000000000000)
 - field annotations:       Array<T>(0x0000000000000000)
 - field type annotations:  Array<T>(0x0000000000000000)
 - generic signature: '<K:Ljava/lang/Object;V:Ljava/lang/Object;>Ljava/lang/Object;Ljava/util/Map$Entry<TK;TV;>;'
 - inner classes:     Array<T>(0x0000000800789b30)
 - nest members:     Array<T>(0x00000008005aeee0)
 - permitted subclasses:     Array<T>(0x00000008005aeee0)
 - java mirror:       a 'java/lang/Class'{0x0000000081191d50} = 'java/util/concurrent/ConcurrentHashMap$Node'
 - vtable length      6  (start addr: 0x0000000800189d70)
 - itable length      9 (start addr: 0x0000000800189da0)
 - ---- static fields (0 words):
 - ---- non-static fields (4 words):
 - final 'hash' 'I' @12 
 - final 'key' 'Ljava/lang/Object;' @16 
 - volatile 'val' 'Ljava/lang/Object;' @20 
 - volatile 'next' 'Ljava/util/concurrent/ConcurrentHashMap$Node;' @24 
 - non-static oop maps: 16-24 
stack at sp + 2 slots: 0x0000000000000004 is an unknown value
stack at sp + 3 slots: 0x00000078a52ffb30 points into unknown readable memory: 0x00007ffa494ff358 | 58 f3 4f 49 fa 7f 00 00
stack at sp + 4 slots: 0x00007ffa48edfe71 jvm.dll
stack at sp + 5 slots: 0x0000000082c56e40 points into unknown readable memory: 0x0000000000000001 | 01 00 00 00 00 00 00 00
stack at sp + 6 slots: 0x00007ffa48ef3228 jvm.dll
stack at sp + 7 slots: 0x000001e1229fe020 points into unknown readable memory: 0x00007ffa494ff338 | 38 f3 4f 49 fa 7f 00 00


---------------  P R O C E S S  ---------------

Threads class SMR info:
_java_thread_list=0x000001e152ba0a10, length=207, elements={
0x000001e1229a4bb0, 0x000001e140f371d0, 0x000001e140f38700, 0x000001e140f52590,
0x000001e140f52e50, 0x000001e140f56290, 0x000001e140f586d0, 0x000001e140f5a9a0,
0x000001e140f5be10, 0x000001e140f5fc10, 0x000001e141076e70, 0x000001e14112fde0,
0x000001e142d0a500, 0x000001e142c129b0, 0x000001e14219a2e0, 0x000001e143bceae0,
0x000001e143bd02f0, 0x000001e143bd0c90, 0x000001e143bcf480, 0x000001e143bd1fd0,
0x000001e143bd1160, 0x000001e14201cc90, 0x000001e149e4fa00, 0x000001e149e4f060,
0x000001e149e52550, 0x000001e146bfb260, 0x000001e146bfb730, 0x000001e146bf90b0,
0x000001e14e8cbb20, 0x000001e14ceb05b0, 0x000001e14da10870, 0x000001e14da0f530,
0x000001e14da10d40, 0x000001e1461c8530, 0x000001e1461ca210, 0x000001e152f16ba0,
0x000001e152f17540, 0x000001e1529617f0, 0x000001e152f13b80, 0x000001e14d2f0880,
0x000001e152961320, 0x000001e152962660, 0x000001e152962b30, 0x000001e1529634d0,
0x000001e1466d05d0, 0x000001e1466d1440, 0x000001e1466d1de0, 0x000001e1466d22b0,
0x000001e1466cfc30, 0x000001e1516aa6e0, 0x000001e1516ab080, 0x000001e1516abef0,
0x000001e1516ab550, 0x000001e1516acd60, 0x000001e1516ad230, 0x000001e1516ad700,
0x000001e1516a9d40, 0x000001e1516aa210, 0x000001e146bfa3f0, 0x000001e146bfa8c0,
0x000001e146bfad90, 0x000001e14e5dc390, 0x000001e14e5dc860, 0x000001e1489962c0,
0x000001e148995df0, 0x000001e150c2d030, 0x000001e150c2cb60, 0x000001e150c2b820,
0x000001e150c2c1c0, 0x000001e150c2c690, 0x000001e1461cabb0, 0x000001e1461c8060,
0x000001e1461c9870, 0x000001e1461ca6e0, 0x000001e1461c93a0, 0x000001e1461c9d40,
0x000001e1461cb080, 0x000001e1461c8a00, 0x000001e1461c8ed0, 0x000001e155d94ac0,
0x000001e14da0f060, 0x000001e14da0fa00, 0x000001e14da11210, 0x000001e14da0fed0,
0x000001e14da11bb0, 0x000001e14da12080, 0x000001e14da103a0, 0x000001e14da12550,
0x000001e153182990, 0x000001e1531824c0, 0x000001e153183330, 0x000001e153180310,
0x000001e153182e60, 0x000001e1531807e0, 0x000001e153181ff0, 0x000001e153181650,
0x000001e153181b20, 0x000001e153183800, 0x000001e15317fe40, 0x000001e14df70ec0,
0x000001e14df73540, 0x000001e14df72200, 0x000001e14df71860, 0x000001e148996790,
0x000001e1489932a0, 0x000001e148994ab0, 0x000001e148995920, 0x000001e148994f80,
0x000001e148994110, 0x000001e148995450, 0x000001e152961cc0, 0x000001e152963000,
0x000001e152962190, 0x000001e1529639a0, 0x000001e152963e70, 0x000001e1467b9fd0,
0x000001e15190fe10, 0x000001e1519107b0, 0x000001e151910c80, 0x000001e15190d2c0,
0x000001e15190d790, 0x000001e15190e130, 0x000001e14df72ba0, 0x000001e14df70520,
0x000001e14df71390, 0x000001e14df6fb80, 0x000001e14df70050, 0x000001e14df709f0,
0x000001e14df71d30, 0x000001e14df726d0, 0x000001e14d36fec0, 0x000001e14d372540,
0x000001e14d372070, 0x000001e155349050, 0x000001e155347840, 0x000001e155348b80,
0x000001e1511a8260, 0x000001e1511a90d0, 0x000001e1511a9f40, 0x000001e1511a73f0,
0x000001e1511a95a0, 0x000001e1511a8730, 0x000001e1511a7d90, 0x000001e1511a9a70,
0x000001e1511dc9f0, 0x000001e1511de200, 0x000001e155d95e00, 0x000001e155d93780,
0x000001e15190dc60, 0x000001e15190f470, 0x000001e15190e600, 0x000001e15190efa0,
0x000001e15190ead0, 0x000001e15190f940, 0x000001e1519102e0, 0x000001e1466d0aa0,
0x000001e1466cf760, 0x000001e1466d2780, 0x000001e1466d0f70, 0x000001e1466cedc0,
0x000001e1466d1910, 0x000001e14e8cb650, 0x000001e14e8cbff0, 0x000001e1511db6b0,
0x000001e1512fe060, 0x000001e1512feed0, 0x000001e1512ffd40, 0x000001e1512fe530,
0x000001e1512ff870, 0x000001e1512ff3a0, 0x000001e1512fea00, 0x000001e151300210,
0x000001e151300bb0, 0x000001e142ebe6f0, 0x000001e142ec1240, 0x000001e142ec2580,
0x000001e142ec2f20, 0x000001e142ec1be0, 0x000001e142ebff00, 0x000001e153180cb0,
0x000001e145f19990, 0x000001e145f18180, 0x000001e145f18ff0, 0x000001e14d2f2a30,
0x000001e14d2ef070, 0x000001e14d2ef540, 0x000001e14d2efa10, 0x000001e14d2f1bc0,
0x000001e14d2f2090, 0x000001e148992dd0, 0x000001e148993770, 0x000001e148993c40,
0x000001e151301550, 0x000001e1489945e0, 0x000001e15caf1990, 0x000001e151ae9c60,
0x000001e1511de6d0, 0x000001e14e5b7820, 0x000001e151301a20, 0x000001e14d3716d0,
0x000001e15155e4b0, 0x000001e1511dd390, 0x000001e153730130, 0x000001e155346500,
0x000001e14e8cc4c0, 0x000001e1511dbb80, 0x000001e142ef8e70
}

Java Threads: ( => current thread )
  0x000001e1229a4bb0 JavaThread "main" [_thread_blocked, id=15876, stack(0x00000078a4f00000,0x00000078a5000000)]
  0x000001e140f371d0 JavaThread "Reference Handler" daemon [_thread_blocked, id=55876, stack(0x00000078a5600000,0x00000078a5700000)]
  0x000001e140f38700 JavaThread "Finalizer" daemon [_thread_blocked, id=52472, stack(0x00000078a5700000,0x00000078a5800000)]
  0x000001e140f52590 JavaThread "Signal Dispatcher" daemon [_thread_blocked, id=17860, stack(0x00000078a5800000,0x00000078a5900000)]
  0x000001e140f52e50 JavaThread "Attach Listener" daemon [_thread_blocked, id=52980, stack(0x00000078a5900000,0x00000078a5a00000)]
  0x000001e140f56290 JavaThread "Service Thread" daemon [_thread_blocked, id=25048, stack(0x00000078a5a00000,0x00000078a5b00000)]
  0x000001e140f586d0 JavaThread "Monitor Deflation Thread" daemon [_thread_blocked, id=55176, stack(0x00000078a5b00000,0x00000078a5c00000)]
  0x000001e140f5a9a0 JavaThread "C2 CompilerThread0" daemon [_thread_in_native, id=51640, stack(0x00000078a5c00000,0x00000078a5d00000)]
  0x000001e140f5be10 JavaThread "C1 CompilerThread0" daemon [_thread_blocked, id=54200, stack(0x00000078a5d00000,0x00000078a5e00000)]
  0x000001e140f5fc10 JavaThread "Sweeper thread" daemon [_thread_blocked, id=52892, stack(0x00000078a5e00000,0x00000078a5f00000)]
  0x000001e141076e70 JavaThread "Common-Cleaner" daemon [_thread_blocked, id=55408, stack(0x00000078a5f00000,0x00000078a6000000)]
  0x000001e14112fde0 JavaThread "Notification Thread" daemon [_thread_blocked, id=41284, stack(0x00000078a6000000,0x00000078a6100000)]
  0x000001e142d0a500 JavaThread "Daemon health stats" [_thread_blocked, id=52376, stack(0x00000078a6300000,0x00000078a6400000)]
  0x000001e142c129b0 JavaThread "Incoming local TCP Connector on port 62000" [_thread_in_native, id=6860, stack(0x00000078a6200000,0x00000078a6300000)]
  0x000001e14219a2e0 JavaThread "Daemon periodic checks" [_thread_blocked, id=50976, stack(0x00000078a6e00000,0x00000078a6f00000)]
  0x000001e143bceae0 JavaThread "Cache worker for journal cache (D:\Android\GradleRepository\caches\journal-1)" [_thread_blocked, id=51216, stack(0x00000078a7600000,0x00000078a7700000)]
  0x000001e143bd02f0 JavaThread "File lock request listener" [_thread_in_native, id=31756, stack(0x00000078a7700000,0x00000078a7800000)]
  0x000001e143bd0c90 JavaThread "Cache worker for file hash cache (D:\Android\GradleRepository\caches\9.3.1\fileHashes)" [_thread_blocked, id=27292, stack(0x00000078a7800000,0x00000078a7900000)]
  0x000001e143bcf480 JavaThread "File watcher server" daemon [_thread_in_native, id=48080, stack(0x00000078a7e00000,0x00000078a7f00000)]
  0x000001e143bd1fd0 JavaThread "File watcher consumer" daemon [_thread_blocked, id=50004, stack(0x00000078a7f00000,0x00000078a8000000)]
  0x000001e143bd1160 JavaThread "Cache worker for file content cache (D:\Android\GradleRepository\caches\9.3.1\fileContent)" [_thread_blocked, id=17708, stack(0x00000078a8100000,0x00000078a8200000)]
  0x000001e14201cc90 JavaThread "Memory manager" [_thread_blocked, id=51136, stack(0x00000078a7b00000,0x00000078a7c00000)]
  0x000001e149e4fa00 JavaThread "RMI Scheduler(0)" daemon [_thread_blocked, id=37932, stack(0x00000078a6d00000,0x00000078a6e00000)]
  0x000001e149e4f060 JavaThread "RMI TCP Accept-0" daemon [_thread_in_native, id=51464, stack(0x00000078b1c00000,0x00000078b1d00000)]
  0x000001e149e52550 JavaThread "Cache worker for Java compile cache (D:\Android\GradleRepository\caches\9.3.1\javaCompile)" [_thread_blocked, id=54508, stack(0x00000078b1700000,0x00000078b1800000)]
  0x000001e146bfb260 JavaThread "jar transforms" [_thread_blocked, id=40544, stack(0x00000078a8200000,0x00000078a8300000)]
  0x000001e146bfb730 JavaThread "jar transforms Thread 2" [_thread_blocked, id=47660, stack(0x00000078a8300000,0x00000078a8400000)]
  0x000001e146bf90b0 JavaThread "jar transforms Thread 3" [_thread_blocked, id=54000, stack(0x00000078a8400000,0x00000078a8500000)]
  0x000001e14e8cbb20 JavaThread "jar transforms Thread 4" [_thread_blocked, id=38596, stack(0x00000078a9a00000,0x00000078a9b00000)]
  0x000001e14ceb05b0 JavaThread "jar transforms Thread 5" [_thread_blocked, id=30992, stack(0x00000078a9b00000,0x00000078a9c00000)]
  0x000001e14da10870 JavaThread "jar transforms Thread 6" [_thread_blocked, id=51680, stack(0x00000078aa600000,0x00000078aa700000)]
  0x000001e14da0f530 JavaThread "jar transforms Thread 7" [_thread_blocked, id=33648, stack(0x00000078aa700000,0x00000078aa800000)]
  0x000001e14da10d40 JavaThread "jar transforms Thread 8" [_thread_blocked, id=55044, stack(0x00000078aa800000,0x00000078aa900000)]
  0x000001e1461c8530 JavaThread "RMI GC Daemon" daemon [_thread_blocked, id=37532, stack(0x00000078aef00000,0x00000078af000000)]
  0x000001e1461ca210 JavaThread "RMI Reaper" [_thread_blocked, id=54892, stack(0x00000078af500000,0x00000078af600000)]
  0x000001e152f16ba0 JavaThread "jar transforms Thread 9" [_thread_blocked, id=58608, stack(0x00000078a8000000,0x00000078a8100000)]
  0x000001e152f17540 JavaThread "jar transforms Thread 10" [_thread_blocked, id=58888, stack(0x00000078a8500000,0x00000078a8600000)]
  0x000001e1529617f0 JavaThread "jar transforms Thread 11" [_thread_blocked, id=9632, stack(0x00000078a8700000,0x00000078a8800000)]
  0x000001e152f13b80 JavaThread "jar transforms Thread 12" [_thread_blocked, id=28396, stack(0x00000078aa000000,0x00000078aa100000)]
  0x000001e14d2f0880 JavaThread "RMI TCP Connection(idle)" daemon [_thread_blocked, id=57520, stack(0x00000078a4c00000,0x00000078a4d00000)]
  0x000001e152961320 JavaThread "Daemon Thread 7" [_thread_blocked, id=29844, stack(0x00000078a4d00000,0x00000078a4e00000)]
  0x000001e152962660 JavaThread "Handler for socket connection from /127.0.0.1:62000 to /127.0.0.1:57547" [_thread_in_native, id=38256, stack(0x00000078a4e00000,0x00000078a4f00000)]
  0x000001e152962b30 JavaThread "Cancel handler" [_thread_blocked, id=58912, stack(0x00000078a6f00000,0x00000078a7000000)]
  0x000001e1529634d0 JavaThread "Daemon worker Thread 7" [_thread_blocked, id=51496, stack(0x00000078a7000000,0x00000078a7100000)]
  0x000001e1466d05d0 JavaThread "Asynchronous log dispatcher for DefaultDaemonConnection: socket connection from /127.0.0.1:62000 to /127.0.0.1:57547" [_thread_blocked, id=44072, stack(0x00000078a7100000,0x00000078a7200000)]
  0x000001e1466d1440 JavaThread "Stdin handler" [_thread_blocked, id=25192, stack(0x00000078a7200000,0x00000078a7300000)]
  0x000001e1466d1de0 JavaThread "Daemon client event forwarder" [_thread_blocked, id=56976, stack(0x00000078a7300000,0x00000078a7400000)]
  0x000001e1466d22b0 JavaThread "Cache worker for file hash cache (D:\AndroidStudioProjects\workerM\.gradle\9.3.1\fileHashes)" [_thread_blocked, id=50932, stack(0x00000078a7400000,0x00000078a7500000)]
  0x000001e1466cfc30 JavaThread "Cache worker for Build Output Cleanup Cache (D:\AndroidStudioProjects\workerM\.gradle\buildOutputCleanup)" [_thread_blocked, id=7016, stack(0x00000078a7500000,0x00000078a7600000)]
  0x000001e1516aa6e0 JavaThread "Cache worker for checksums cache (D:\AndroidStudioProjects\workerM\.gradle\9.3.1\checksums)" [_thread_blocked, id=31700, stack(0x00000078a7c00000,0x00000078a7d00000)]
  0x000001e1516ab080 JavaThread "Cache worker for cache directory md-supplier (D:\Android\GradleRepository\caches\9.3.1\md-supplier)" [_thread_blocked, id=31208, stack(0x00000078a7d00000,0x00000078a7e00000)]
  0x000001e1516abef0 JavaThread "Cache worker for cache directory md-rule (D:\Android\GradleRepository\caches\9.3.1\md-rule)" [_thread_blocked, id=58376, stack(0x00000078a8600000,0x00000078a8700000)]
  0x000001e1516ab550 JavaThread "Unconstrained build operations" [_thread_blocked, id=31312, stack(0x00000078a8800000,0x00000078a8900000)]
  0x000001e1516acd60 JavaThread "Unconstrained build operations Thread 2" [_thread_blocked, id=50988, stack(0x00000078a8900000,0x00000078a8a00000)]
  0x000001e1516ad230 JavaThread "Unconstrained build operations Thread 3" [_thread_blocked, id=55328, stack(0x00000078a8a00000,0x00000078a8b00000)]
  0x000001e1516ad700 JavaThread "Unconstrained build operations Thread 4" [_thread_blocked, id=7860, stack(0x00000078a8b00000,0x00000078a8c00000)]
  0x000001e1516a9d40 JavaThread "Unconstrained build operations Thread 5" [_thread_blocked, id=31828, stack(0x00000078a8c00000,0x00000078a8d00000)]
  0x000001e1516aa210 JavaThread "Unconstrained build operations Thread 6" [_thread_blocked, id=40832, stack(0x00000078a8d00000,0x00000078a8e00000)]
  0x000001e146bfa3f0 JavaThread "Unconstrained build operations Thread 7" [_thread_blocked, id=31768, stack(0x00000078a8e00000,0x00000078a8f00000)]
  0x000001e146bfa8c0 JavaThread "Unconstrained build operations Thread 8" [_thread_blocked, id=55520, stack(0x00000078a8f00000,0x00000078a9000000)]
  0x000001e146bfad90 JavaThread "Unconstrained build operations Thread 9" [_thread_blocked, id=40420, stack(0x00000078a9000000,0x00000078a9100000)]
  0x000001e14e5dc390 JavaThread "Unconstrained build operations Thread 10" [_thread_blocked, id=29640, stack(0x00000078a9100000,0x00000078a9200000)]
  0x000001e14e5dc860 JavaThread "Unconstrained build operations Thread 11" [_thread_blocked, id=51696, stack(0x00000078a9200000,0x00000078a9300000)]
  0x000001e1489962c0 JavaThread "Unconstrained build operations Thread 12" [_thread_blocked, id=24912, stack(0x00000078a9300000,0x00000078a9400000)]
  0x000001e148995df0 JavaThread "Unconstrained build operations Thread 13" [_thread_blocked, id=57348, stack(0x00000078a9400000,0x00000078a9500000)]
  0x000001e150c2d030 JavaThread "Unconstrained build operations Thread 14" [_thread_blocked, id=9748, stack(0x00000078a9500000,0x00000078a9600000)]
  0x000001e150c2cb60 JavaThread "Unconstrained build operations Thread 15" [_thread_blocked, id=51040, stack(0x00000078a9600000,0x00000078a9700000)]
  0x000001e150c2b820 JavaThread "Unconstrained build operations Thread 16" [_thread_blocked, id=52704, stack(0x00000078a9700000,0x00000078a9800000)]
  0x000001e150c2c1c0 JavaThread "Unconstrained build operations Thread 17" [_thread_blocked, id=36248, stack(0x00000078a9800000,0x00000078a9900000)]
  0x000001e150c2c690 JavaThread "Unconstrained build operations Thread 18" [_thread_blocked, id=53360, stack(0x00000078a9900000,0x00000078a9a00000)]
  0x000001e1461cabb0 JavaThread "Unconstrained build operations Thread 19" [_thread_blocked, id=48308, stack(0x00000078a9c00000,0x00000078a9d00000)]
  0x000001e1461c8060 JavaThread "Unconstrained build operations Thread 20" [_thread_blocked, id=28700, stack(0x00000078a9d00000,0x00000078a9e00000)]
  0x000001e1461c9870 JavaThread "Unconstrained build operations Thread 21" [_thread_blocked, id=25440, stack(0x00000078a9e00000,0x00000078a9f00000)]
  0x000001e1461ca6e0 JavaThread "Unconstrained build operations Thread 22" [_thread_blocked, id=58092, stack(0x00000078a9f00000,0x00000078aa000000)]
  0x000001e1461c93a0 JavaThread "Unconstrained build operations Thread 23" [_thread_blocked, id=30392, stack(0x00000078aa100000,0x00000078aa200000)]
  0x000001e1461c9d40 JavaThread "Unconstrained build operations Thread 24" [_thread_blocked, id=58348, stack(0x00000078aa200000,0x00000078aa300000)]
  0x000001e1461cb080 JavaThread "Unconstrained build operations Thread 25" [_thread_blocked, id=48920, stack(0x00000078aa300000,0x00000078aa400000)]
  0x000001e1461c8a00 JavaThread "Unconstrained build operations Thread 26" [_thread_blocked, id=59316, stack(0x00000078aa400000,0x00000078aa500000)]
  0x000001e1461c8ed0 JavaThread "Unconstrained build operations Thread 27" [_thread_blocked, id=58612, stack(0x00000078aa500000,0x00000078aa600000)]
  0x000001e155d94ac0 JavaThread "Unconstrained build operations Thread 28" [_thread_blocked, id=59232, stack(0x00000078aa900000,0x00000078aaa00000)]
  0x000001e14da0f060 JavaThread "Unconstrained build operations Thread 29" [_thread_blocked, id=57476, stack(0x00000078aaa00000,0x00000078aab00000)]
  0x000001e14da0fa00 JavaThread "Unconstrained build operations Thread 30" [_thread_blocked, id=59040, stack(0x00000078aab00000,0x00000078aac00000)]
  0x000001e14da11210 JavaThread "Unconstrained build operations Thread 31" [_thread_blocked, id=27108, stack(0x00000078aac00000,0x00000078aad00000)]
  0x000001e14da0fed0 JavaThread "Unconstrained build operations Thread 32" [_thread_blocked, id=7476, stack(0x00000078aad00000,0x00000078aae00000)]
  0x000001e14da11bb0 JavaThread "Unconstrained build operations Thread 33" [_thread_blocked, id=58088, stack(0x00000078aae00000,0x00000078aaf00000)]
  0x000001e14da12080 JavaThread "Unconstrained build operations Thread 34" [_thread_blocked, id=57784, stack(0x00000078aaf00000,0x00000078ab000000)]
  0x000001e14da103a0 JavaThread "Unconstrained build operations Thread 35" [_thread_blocked, id=29420, stack(0x00000078ab000000,0x00000078ab100000)]
  0x000001e14da12550 JavaThread "Unconstrained build operations Thread 36" [_thread_blocked, id=44104, stack(0x00000078ab100000,0x00000078ab200000)]
  0x000001e153182990 JavaThread "Unconstrained build operations Thread 37" [_thread_blocked, id=51836, stack(0x00000078ab200000,0x00000078ab300000)]
  0x000001e1531824c0 JavaThread "Unconstrained build operations Thread 38" [_thread_blocked, id=31740, stack(0x00000078ab300000,0x00000078ab400000)]
  0x000001e153183330 JavaThread "Unconstrained build operations Thread 39" [_thread_blocked, id=46620, stack(0x00000078ab400000,0x00000078ab500000)]
  0x000001e153180310 JavaThread "Unconstrained build operations Thread 40" [_thread_blocked, id=58588, stack(0x00000078ab500000,0x00000078ab600000)]
  0x000001e153182e60 JavaThread "Unconstrained build operations Thread 41" [_thread_blocked, id=4120, stack(0x00000078ab600000,0x00000078ab700000)]
  0x000001e1531807e0 JavaThread "Unconstrained build operations Thread 42" [_thread_blocked, id=59224, stack(0x00000078ab700000,0x00000078ab800000)]
  0x000001e153181ff0 JavaThread "Unconstrained build operations Thread 43" [_thread_blocked, id=22184, stack(0x00000078ab800000,0x00000078ab900000)]
  0x000001e153181650 JavaThread "Unconstrained build operations Thread 44" [_thread_blocked, id=26060, stack(0x00000078ab900000,0x00000078aba00000)]
  0x000001e153181b20 JavaThread "build event listener" [_thread_blocked, id=31624, stack(0x00000078abb00000,0x00000078abc00000)]
  0x000001e153183800 JavaThread "build event listener" [_thread_blocked, id=55252, stack(0x00000078abc00000,0x00000078abd00000)]
  0x000001e15317fe40 JavaThread "included builds" [_thread_blocked, id=27736, stack(0x00000078abe00000,0x00000078abf00000)]
  0x000001e14df70ec0 JavaThread "Execution worker" [_thread_blocked, id=55896, stack(0x00000078abf00000,0x00000078ac000000)]
  0x000001e14df73540 JavaThread "Execution worker Thread 2" [_thread_blocked, id=41948, stack(0x00000078ac000000,0x00000078ac100000)]
  0x000001e14df72200 JavaThread "Execution worker Thread 3" [_thread_in_Java, id=58404, stack(0x00000078ac100000,0x00000078ac200000)]
  0x000001e14df71860 JavaThread "Execution worker Thread 4" [_thread_blocked, id=59000, stack(0x00000078ac200000,0x00000078ac300000)]
  0x000001e148996790 JavaThread "Execution worker Thread 5" [_thread_blocked, id=59240, stack(0x00000078ac300000,0x00000078ac400000)]
  0x000001e1489932a0 JavaThread "Execution worker Thread 6" [_thread_blocked, id=45592, stack(0x00000078ac400000,0x00000078ac500000)]
  0x000001e148994ab0 JavaThread "Execution worker Thread 7" [_thread_blocked, id=58520, stack(0x00000078ac500000,0x00000078ac600000)]
  0x000001e148995920 JavaThread "Execution worker Thread 8" [_thread_blocked, id=58944, stack(0x00000078ac600000,0x00000078ac700000)]
  0x000001e148994f80 JavaThread "Execution worker Thread 9" [_thread_blocked, id=55648, stack(0x00000078ac700000,0x00000078ac800000)]
  0x000001e148994110 JavaThread "Execution worker Thread 10" [_thread_blocked, id=32452, stack(0x00000078ac800000,0x00000078ac900000)]
  0x000001e148995450 JavaThread "Execution worker Thread 11" [_thread_blocked, id=52500, stack(0x00000078ac900000,0x00000078aca00000)]
  0x000001e152961cc0 JavaThread "Cache worker for execution history cache (D:\AndroidStudioProjects\workerM\.gradle\9.3.1\executionHistory)" [_thread_blocked, id=45464, stack(0x00000078aca00000,0x00000078acb00000)]
  0x000001e152963000 JavaThread "Unconstrained build operations Thread 45" [_thread_blocked, id=58324, stack(0x00000078acb00000,0x00000078acc00000)]
  0x000001e152962190 JavaThread "Unconstrained build operations Thread 46" [_thread_blocked, id=46300, stack(0x00000078acc00000,0x00000078acd00000)]
  0x000001e1529639a0 JavaThread "Unconstrained build operations Thread 47" [_thread_blocked, id=59304, stack(0x00000078acd00000,0x00000078ace00000)]
  0x000001e152963e70 JavaThread "Unconstrained build operations Thread 48" [_thread_blocked, id=41084, stack(0x00000078ace00000,0x00000078acf00000)]
  0x000001e1467b9fd0 JavaThread "Unconstrained build operations Thread 49" [_thread_blocked, id=55068, stack(0x00000078acf00000,0x00000078ad000000)]
  0x000001e15190fe10 JavaThread "Unconstrained build operations Thread 50" [_thread_blocked, id=55264, stack(0x00000078ad000000,0x00000078ad100000)]
  0x000001e1519107b0 JavaThread "Unconstrained build operations Thread 51" [_thread_blocked, id=25596, stack(0x00000078ad100000,0x00000078ad200000)]
  0x000001e151910c80 JavaThread "Unconstrained build operations Thread 52" [_thread_blocked, id=57484, stack(0x00000078ad200000,0x00000078ad300000)]
  0x000001e15190d2c0 JavaThread "Unconstrained build operations Thread 53" [_thread_blocked, id=49108, stack(0x00000078ad300000,0x00000078ad400000)]
  0x000001e15190d790 JavaThread "Unconstrained build operations Thread 54" [_thread_blocked, id=45768, stack(0x00000078ad400000,0x00000078ad500000)]
  0x000001e15190e130 JavaThread "Unconstrained build operations Thread 55" [_thread_blocked, id=36212, stack(0x00000078ad500000,0x00000078ad600000)]
  0x000001e14df72ba0 JavaThread "Unconstrained build operations Thread 56" [_thread_blocked, id=37652, stack(0x00000078ad600000,0x00000078ad700000)]
  0x000001e14df70520 JavaThread "Unconstrained build operations Thread 57" [_thread_blocked, id=8656, stack(0x00000078ad700000,0x00000078ad800000)]
  0x000001e14df71390 JavaThread "Unconstrained build operations Thread 58" [_thread_blocked, id=57756, stack(0x00000078ae000000,0x00000078ae100000)]
  0x000001e14df6fb80 JavaThread "Unconstrained build operations Thread 59" [_thread_blocked, id=31316, stack(0x00000078ae100000,0x00000078ae200000)]
  0x000001e14df70050 JavaThread "Unconstrained build operations Thread 60" [_thread_blocked, id=45772, stack(0x00000078ae200000,0x00000078ae300000)]
  0x000001e14df709f0 JavaThread "Unconstrained build operations Thread 61" [_thread_blocked, id=54396, stack(0x00000078ae300000,0x00000078ae400000)]
  0x000001e14df71d30 JavaThread "Unconstrained build operations Thread 62" [_thread_blocked, id=58768, stack(0x00000078ae400000,0x00000078ae500000)]
  0x000001e14df726d0 JavaThread "Unconstrained build operations Thread 63" [_thread_blocked, id=59036, stack(0x00000078ae500000,0x00000078ae600000)]
  0x000001e14d36fec0 JavaThread "Unconstrained build operations Thread 64" [_thread_blocked, id=45280, stack(0x00000078ae600000,0x00000078ae700000)]
  0x000001e14d372540 JavaThread "Unconstrained build operations Thread 65" [_thread_blocked, id=31568, stack(0x00000078ae700000,0x00000078ae800000)]
  0x000001e14d372070 JavaThread "Unconstrained build operations Thread 66" [_thread_blocked, id=48584, stack(0x00000078ae800000,0x00000078ae900000)]
  0x000001e155349050 JavaThread "Unconstrained build operations Thread 67" [_thread_blocked, id=35036, stack(0x00000078abd00000,0x00000078abe00000)]
  0x000001e155347840 JavaThread "Unconstrained build operations Thread 68" [_thread_blocked, id=48192, stack(0x00000078ae900000,0x00000078aea00000)]
  0x000001e155348b80 JavaThread "Unconstrained build operations Thread 69" [_thread_blocked, id=55456, stack(0x00000078aea00000,0x00000078aeb00000)]
  0x000001e1511a8260 JavaThread "Unconstrained build operations Thread 70" [_thread_blocked, id=32992, stack(0x00000078aeb00000,0x00000078aec00000)]
  0x000001e1511a90d0 JavaThread "Unconstrained build operations Thread 71" [_thread_blocked, id=19908, stack(0x00000078aec00000,0x00000078aed00000)]
  0x000001e1511a9f40 JavaThread "Unconstrained build operations Thread 72" [_thread_blocked, id=58788, stack(0x00000078aed00000,0x00000078aee00000)]
  0x000001e1511a73f0 JavaThread "Unconstrained build operations Thread 73" [_thread_blocked, id=51556, stack(0x00000078aee00000,0x00000078aef00000)]
  0x000001e1511a95a0 JavaThread "Unconstrained build operations Thread 74" [_thread_blocked, id=57976, stack(0x00000078af000000,0x00000078af100000)]
  0x000001e1511a8730 JavaThread "Unconstrained build operations Thread 75" [_thread_blocked, id=52564, stack(0x00000078af100000,0x00000078af200000)]
  0x000001e1511a7d90 JavaThread "Unconstrained build operations Thread 76" [_thread_blocked, id=58472, stack(0x00000078af200000,0x00000078af300000)]
  0x000001e1511a9a70 JavaThread "Unconstrained build operations Thread 77" [_thread_blocked, id=58604, stack(0x00000078af300000,0x00000078af400000)]
  0x000001e1511dc9f0 JavaThread "Unconstrained build operations Thread 78" [_thread_blocked, id=57796, stack(0x00000078aba00000,0x00000078abb00000)]
  0x000001e1511de200 JavaThread "Unconstrained build operations Thread 79" [_thread_blocked, id=22596, stack(0x00000078af400000,0x00000078af500000)]
  0x000001e155d95e00 JavaThread "Unconstrained build operations Thread 80" [_thread_blocked, id=36444, stack(0x00000078af600000,0x00000078af700000)]
  0x000001e155d93780 JavaThread "Unconstrained build operations Thread 81" [_thread_blocked, id=55976, stack(0x00000078af700000,0x00000078af800000)]
  0x000001e15190dc60 JavaThread "Unconstrained build operations Thread 82" [_thread_blocked, id=43504, stack(0x00000078af800000,0x00000078af900000)]
  0x000001e15190f470 JavaThread "Unconstrained build operations Thread 83" [_thread_blocked, id=24824, stack(0x00000078af900000,0x00000078afa00000)]
  0x000001e15190e600 JavaThread "Unconstrained build operations Thread 84" [_thread_blocked, id=6396, stack(0x00000078afa00000,0x00000078afb00000)]
  0x000001e15190efa0 JavaThread "Unconstrained build operations Thread 85" [_thread_blocked, id=59352, stack(0x00000078afb00000,0x00000078afc00000)]
  0x000001e15190ead0 JavaThread "Unconstrained build operations Thread 86" [_thread_blocked, id=58100, stack(0x00000078afc00000,0x00000078afd00000)]
  0x000001e15190f940 JavaThread "Unconstrained build operations Thread 87" [_thread_blocked, id=40328, stack(0x00000078afd00000,0x00000078afe00000)]
  0x000001e1519102e0 JavaThread "Unconstrained build operations Thread 88" [_thread_blocked, id=20220, stack(0x00000078afe00000,0x00000078aff00000)]
  0x000001e1466d0aa0 JavaThread "Unconstrained build operations Thread 89" [_thread_blocked, id=25692, stack(0x00000078aff00000,0x00000078b0000000)]
  0x000001e1466cf760 JavaThread "Unconstrained build operations Thread 90" [_thread_blocked, id=59288, stack(0x00000078b0000000,0x00000078b0100000)]
  0x000001e1466d2780 JavaThread "Unconstrained build operations Thread 91" [_thread_blocked, id=8764, stack(0x00000078b0100000,0x00000078b0200000)]
  0x000001e1466d0f70 JavaThread "Unconstrained build operations Thread 92" [_thread_blocked, id=56776, stack(0x00000078b0200000,0x00000078b0300000)]
  0x000001e1466cedc0 JavaThread "Unconstrained build operations Thread 93" [_thread_blocked, id=40908, stack(0x00000078b0300000,0x00000078b0400000)]
  0x000001e1466d1910 JavaThread "Unconstrained build operations Thread 94" [_thread_blocked, id=58876, stack(0x00000078b0400000,0x00000078b0500000)]
  0x000001e14e8cb650 JavaThread "Unconstrained build operations Thread 95" [_thread_blocked, id=59160, stack(0x00000078b0500000,0x00000078b0600000)]
  0x000001e14e8cbff0 JavaThread "Unconstrained build operations Thread 96" [_thread_blocked, id=12856, stack(0x00000078b0600000,0x00000078b0700000)]
  0x000001e1511db6b0 JavaThread "WorkerExecutor Queue" [_thread_blocked, id=52468, stack(0x00000078b0900000,0x00000078b0a00000)]
  0x000001e1512fe060 JavaThread "Unconstrained build operations Thread 97" [_thread_blocked, id=27152, stack(0x00000078b0a00000,0x00000078b0b00000)]
  0x000001e1512feed0 JavaThread "Unconstrained build operations Thread 98" [_thread_blocked, id=32920, stack(0x00000078b0b00000,0x00000078b0c00000)]
  0x000001e1512ffd40 JavaThread "Unconstrained build operations Thread 99" [_thread_blocked, id=38044, stack(0x00000078b0c00000,0x00000078b0d00000)]
  0x000001e1512fe530 JavaThread "Unconstrained build operations Thread 100" [_thread_blocked, id=35408, stack(0x00000078b0d00000,0x00000078b0e00000)]
  0x000001e1512ff870 JavaThread "Unconstrained build operations Thread 101" [_thread_blocked, id=31600, stack(0x00000078b0e00000,0x00000078b0f00000)]
  0x000001e1512ff3a0 JavaThread "Unconstrained build operations Thread 102" [_thread_blocked, id=58692, stack(0x00000078b0f00000,0x00000078b1000000)]
  0x000001e1512fea00 JavaThread "Unconstrained build operations Thread 103" [_thread_blocked, id=53332, stack(0x00000078b1000000,0x00000078b1100000)]
  0x000001e151300210 JavaThread "Unconstrained build operations Thread 104" [_thread_blocked, id=59244, stack(0x00000078b1100000,0x00000078b1200000)]
  0x000001e151300bb0 JavaThread "Unconstrained build operations Thread 105" [_thread_blocked, id=37376, stack(0x00000078b1200000,0x00000078b1300000)]
  0x000001e142ebe6f0 JavaThread "Unconstrained build operations Thread 106" [_thread_blocked, id=30304, stack(0x00000078b1300000,0x00000078b1400000)]
  0x000001e142ec1240 JavaThread "Unconstrained build operations Thread 107" [_thread_blocked, id=53812, stack(0x00000078b1400000,0x00000078b1500000)]
  0x000001e142ec2580 JavaThread "Unconstrained build operations Thread 108" [_thread_blocked, id=56252, stack(0x00000078b1500000,0x00000078b1600000)]
  0x000001e142ec2f20 JavaThread "Unconstrained build operations Thread 109" [_thread_blocked, id=59080, stack(0x00000078b1600000,0x00000078b1700000)]
  0x000001e142ec1be0 JavaThread "Unconstrained build operations Thread 110" [_thread_blocked, id=59340, stack(0x00000078b1800000,0x00000078b1900000)]
  0x000001e142ebff00 JavaThread "Unconstrained build operations Thread 111" [_thread_blocked, id=55960, stack(0x00000078b1900000,0x00000078b1a00000)]
  0x000001e153180cb0 JavaThread "Unconstrained build operations Thread 112" [_thread_blocked, id=53036, stack(0x00000078b1a00000,0x00000078b1b00000)]
  0x000001e145f19990 JavaThread "Unconstrained build operations Thread 113" [_thread_blocked, id=29336, stack(0x00000078b1b00000,0x00000078b1c00000)]
  0x000001e145f18180 JavaThread "Unconstrained build operations Thread 114" [_thread_blocked, id=57652, stack(0x00000078b1d00000,0x00000078b1e00000)]
  0x000001e145f18ff0 JavaThread "Unconstrained build operations Thread 115" [_thread_blocked, id=30828, stack(0x00000078b1e00000,0x00000078b1f00000)]
  0x000001e14d2f2a30 JavaThread "Unconstrained build operations Thread 116" [_thread_blocked, id=31392, stack(0x00000078b1f00000,0x00000078b2000000)]
  0x000001e14d2ef070 JavaThread "Unconstrained build operations Thread 117" [_thread_blocked, id=46484, stack(0x00000078b2000000,0x00000078b2100000)]
  0x000001e14d2ef540 JavaThread "Unconstrained build operations Thread 118" [_thread_blocked, id=18112, stack(0x00000078b2100000,0x00000078b2200000)]
  0x000001e14d2efa10 JavaThread "Unconstrained build operations Thread 119" [_thread_blocked, id=59104, stack(0x00000078b2200000,0x00000078b2300000)]
  0x000001e14d2f1bc0 JavaThread "Unconstrained build operations Thread 120" [_thread_blocked, id=17868, stack(0x00000078b2300000,0x00000078b2400000)]
  0x000001e14d2f2090 JavaThread "WorkerExecutor Queue Thread 2" [_thread_blocked, id=43148, stack(0x00000078b2400000,0x00000078b2500000)]
  0x000001e148992dd0 JavaThread "pool-28-thread-1" [_thread_blocked, id=51552, stack(0x00000078b2500000,0x00000078b2600000)]
  0x000001e148993770 JavaThread "stderr" [_thread_in_native, id=24332, stack(0x00000078b2600000,0x00000078b2700000)]
  0x000001e148993c40 JavaThread "stdout" [_thread_in_native, id=58008, stack(0x00000078b2700000,0x00000078b2800000)]
  0x000001e151301550 JavaThread "File lock release action executor Thread 9" [_thread_blocked, id=53252, stack(0x00000078b2800000,0x00000078b2900000)]
  0x000001e1489945e0 JavaThread "WorkerExecutor Queue Thread 3" [_thread_blocked, id=58248, stack(0x00000078b0700000,0x00000078b0800000)]
  0x000001e15caf1990 JavaThread "C2 CompilerThread1" daemon [_thread_in_native, id=52048, stack(0x00000078b0800000,0x00000078b0900000)]
  0x000001e151ae9c60 JavaThread "C2 CompilerThread2" daemon [_thread_in_native, id=30960, stack(0x00000078b2900000,0x00000078b2a00000)]
  0x000001e1511de6d0 JavaThread "ForkJoinPool.commonPool-worker-35" daemon [_thread_blocked, id=54872, stack(0x00000078b2a00000,0x00000078b2b00000)]
  0x000001e14e5b7820 JavaThread "ForkJoinPool.commonPool-worker-36" daemon [_thread_blocked, id=51288, stack(0x00000078b2b00000,0x00000078b2c00000)]
  0x000001e151301a20 JavaThread "ForkJoinPool.commonPool-worker-37" daemon [_thread_blocked, id=38304, stack(0x00000078b2c00000,0x00000078b2d00000)]
  0x000001e14d3716d0 JavaThread "ForkJoinPool.commonPool-worker-38" daemon [_thread_in_native, id=26092, stack(0x00000078b2d00000,0x00000078b2e00000)]
  0x000001e15155e4b0 JavaThread "ForkJoinPool.commonPool-worker-39" daemon [_thread_in_native, id=52820, stack(0x00000078b2e00000,0x00000078b2f00000)]
  0x000001e1511dd390 JavaThread "ForkJoinPool.commonPool-worker-40" daemon [_thread_blocked, id=54148, stack(0x00000078b2f00000,0x00000078b3000000)]
  0x000001e153730130 JavaThread "ForkJoinPool.commonPool-worker-41" daemon [_thread_blocked, id=50820, stack(0x00000078b3000000,0x00000078b3100000)]
  0x000001e155346500 JavaThread "ForkJoinPool.commonPool-worker-42" daemon [_thread_blocked, id=58648, stack(0x00000078b3100000,0x00000078b3200000)]
  0x000001e14e8cc4c0 JavaThread "ForkJoinPool.commonPool-worker-43" daemon [_thread_in_native, id=53936, stack(0x00000078b3200000,0x00000078b3300000)]
  0x000001e1511dbb80 JavaThread "ForkJoinPool.commonPool-worker-44" daemon [_thread_in_native, id=22760, stack(0x00000078b3300000,0x00000078b3400000)]
  0x000001e142ef8e70 JavaThread "ForkJoinPool.commonPool-worker-45" daemon [_thread_blocked, id=51832, stack(0x00000078b3400000,0x00000078b3500000)]

Other Threads:
  0x000001e140ead060 VMThread "VM Thread" [stack: 0x00000078a5500000,0x00000078a5600000] [id=35804]
  0x000001e14115e220 WatcherThread [stack: 0x00000078a6100000,0x00000078a6200000] [id=16172]
  0x000001e1229e6f00 GCTaskThread "GC Thread#0" [stack: 0x00000078a5000000,0x00000078a5100000] [id=33428]
  0x000001e141c09970 GCTaskThread "GC Thread#1" [stack: 0x00000078a6400000,0x00000078a6500000] [id=51780]
  0x000001e141c8f900 GCTaskThread "GC Thread#2" [stack: 0x00000078a6500000,0x00000078a6600000] [id=35996]
  0x000001e141c34a60 GCTaskThread "GC Thread#3" [stack: 0x00000078a6600000,0x00000078a6700000] [id=54044]
  0x000001e142225960 GCTaskThread "GC Thread#4" [stack: 0x00000078a6700000,0x00000078a6800000] [id=56176]
  0x000001e142225c10 GCTaskThread "GC Thread#5" [stack: 0x00000078a6800000,0x00000078a6900000] [id=41440]
  0x000001e141efe4b0 GCTaskThread "GC Thread#6" [stack: 0x00000078a6900000,0x00000078a6a00000] [id=39532]
  0x000001e141efe760 GCTaskThread "GC Thread#7" [stack: 0x00000078a6a00000,0x00000078a6b00000] [id=24060]
  0x000001e141d93e60 GCTaskThread "GC Thread#8" [stack: 0x00000078a6b00000,0x00000078a6c00000] [id=6916]
  0x000001e141d94520 GCTaskThread "GC Thread#9" [stack: 0x00000078a6c00000,0x00000078a6d00000] [id=51212]
  0x000001e1229f8a20 ConcurrentGCThread "G1 Main Marker" [stack: 0x00000078a5100000,0x00000078a5200000] [id=54404]
=>0x000001e1229fbaf0 ConcurrentGCThread "G1 Conc#0" [stack: 0x00000078a5200000,0x00000078a5300000] [id=53708]
  0x000001e1450d16d0 ConcurrentGCThread "G1 Conc#1" [stack: 0x00000078a7900000,0x00000078a7a00000] [id=54944]
  0x000001e14433cbe0 ConcurrentGCThread "G1 Conc#2" [stack: 0x00000078a7a00000,0x00000078a7b00000] [id=45888]
  0x000001e122a6d810 ConcurrentGCThread "G1 Refine#0" [stack: 0x00000078a5300000,0x00000078a5400000] [id=30500]
  0x000001e14d2159d0 ConcurrentGCThread "G1 Refine#1" [stack: 0x00000078ad800000,0x00000078ad900000] [id=50220]
  0x000001e14d215cb0 ConcurrentGCThread "G1 Refine#2" [stack: 0x00000078ad900000,0x00000078ada00000] [id=50616]
  0x000001e14d217c50 ConcurrentGCThread "G1 Refine#3" [stack: 0x00000078ada00000,0x00000078adb00000] [id=10264]
  0x000001e14d219070 ConcurrentGCThread "G1 Refine#4" [stack: 0x00000078adb00000,0x00000078adc00000] [id=54632]
  0x000001e14d219350 ConcurrentGCThread "G1 Refine#5" [stack: 0x00000078adc00000,0x00000078add00000] [id=54152]
  0x000001e14d216270 ConcurrentGCThread "G1 Refine#6" [stack: 0x00000078add00000,0x00000078ade00000] [id=49048]
  0x000001e14d216550 ConcurrentGCThread "G1 Refine#7" [stack: 0x00000078ade00000,0x00000078adf00000] [id=54708]
  0x000001e14d216830 ConcurrentGCThread "G1 Refine#8" [stack: 0x00000078adf00000,0x00000078ae000000] [id=36084]
  0x000001e122a6e140 ConcurrentGCThread "G1 Service" [stack: 0x00000078a5400000,0x00000078a5500000] [id=51644]

Threads with active compile tasks:
C2 CompilerThread0  15888789 42731       4       org.gradle.internal.snapshot.impl.DirectorySnapshotter$PathVisitor::doPostVisitDirectory (84 bytes)
C2 CompilerThread1  15888789 42730       4       org.gradle.internal.snapshot.impl.DirectorySnapshotterStatistics$CollectingFileVisitor::postVisitDirectory (10 bytes)
C2 CompilerThread2  15888789 42733       4       org.gradle.internal.snapshot.impl.FilteredTrackingMerkleDirectorySnapshotBuilder::leaveDirectory (90 bytes)

VM state: not at safepoint (normal execution)

VM Mutex/Monitor currently owned by a thread: None

Heap address: 0x0000000080000000, size: 2048 MB, Compressed Oops mode: 32-bit

CDS archive(s) mapped at: [0x0000000800000000-0x0000000800bc0000-0x0000000800bc0000), size 12320768, SharedBaseAddress: 0x0000000800000000, ArchiveRelocationMode: 0.
Compressed class space mapped at: 0x0000000800c00000-0x0000000840c00000, reserved size: 1073741824
Narrow klass base: 0x0000000800000000, Narrow klass shift: 0, Narrow klass range: 0x100000000

GC Precious Log:
 CPUs: 12 total, 12 available
 Memory: 32634M
 Large Page Support: Disabled
 NUMA Support: Disabled
 Compressed Oops: Enabled (32-bit)
 Heap Region Size: 1M
 Heap Min Capacity: 8M
 Heap Initial Capacity: 510M
 Heap Max Capacity: 2G
 Pre-touch: Disabled
 Parallel Workers: 10
 Concurrent Workers: 3
 Concurrent Refinement Workers: 10
 Periodic GC: Disabled

Heap:
 garbage-first heap   total 1034240K, used 440686K [0x0000000080000000, 0x0000000100000000)
  region size 1024K, 30 young (30720K), 10 survivors (10240K)
 Metaspace       used 176388K, committed 178240K, reserved 1204224K
  class space    used 23639K, committed 24576K, reserved 1048576K

Heap Regions: E=young(eden), S=young(survivor), O=old, HS=humongous(starts), HC=humongous(continues), CS=collection set, F=free, OA=open archive, CA=closed archive, TAMS=top-at-mark-start (previous, next)
|   0|0x0000000080000000, 0x0000000080100000, 0x0000000080100000|100%|HS|  |TAMS 0x0000000080100000, 0x0000000080100000| Complete 
|   1|0x0000000080100000, 0x0000000080200000, 0x0000000080200000|100%|HC|  |TAMS 0x0000000080200000, 0x0000000080200000| Complete 
|   2|0x0000000080200000, 0x0000000080300000, 0x0000000080300000|100%|HC|  |TAMS 0x0000000080300000, 0x0000000080300000| Complete 
|   3|0x0000000080300000, 0x0000000080400000, 0x0000000080400000|100%|HC|  |TAMS 0x0000000080400000, 0x0000000080400000| Complete 
|   4|0x0000000080400000, 0x00000000804ff6f8, 0x0000000080500000| 99%| O|  |TAMS 0x00000000804ff6f8, 0x00000000804ff6f8| Untracked 
|   5|0x0000000080500000, 0x0000000080600000, 0x0000000080600000|100%| O|  |TAMS 0x0000000080600000, 0x0000000080600000| Untracked 
|   6|0x0000000080600000, 0x00000000806ffff0, 0x0000000080700000| 99%| O|  |TAMS 0x00000000806ffff0, 0x00000000806ffff0| Untracked 
|   7|0x0000000080700000, 0x0000000080800000, 0x0000000080800000|100%|HS|  |TAMS 0x0000000080800000, 0x0000000080800000| Complete 
|   8|0x0000000080800000, 0x00000000808fffe0, 0x0000000080900000| 99%| O|  |TAMS 0x00000000808fffe0, 0x00000000808fffe0| Untracked 
|   9|0x0000000080900000, 0x00000000809fffc0, 0x0000000080a00000| 99%| O|  |TAMS 0x00000000809fffc0, 0x00000000809fffc0| Untracked 
|  10|0x0000000080a00000, 0x0000000080b00000, 0x0000000080b00000|100%| O|  |TAMS 0x0000000080b00000, 0x0000000080b00000| Untracked 
|  11|0x0000000080b00000, 0x0000000080c00000, 0x0000000080c00000|100%| O|  |TAMS 0x0000000080c00000, 0x0000000080c00000| Untracked 
|  12|0x0000000080c00000, 0x0000000080cffff8, 0x0000000080d00000| 99%| O|  |TAMS 0x0000000080cffff8, 0x0000000080cffff8| Untracked 
|  13|0x0000000080d00000, 0x0000000080e00000, 0x0000000080e00000|100%| O|  |TAMS 0x0000000080e00000, 0x0000000080e00000| Untracked 
|  14|0x0000000080e00000, 0x0000000080f00000, 0x0000000080f00000|100%| O|  |TAMS 0x0000000080f00000, 0x0000000080f00000| Untracked 
|  15|0x0000000080f00000, 0x0000000080ff8b50, 0x0000000081000000| 97%| O|  |TAMS 0x0000000080ff8b50, 0x0000000080ff8b50| Untracked 
|  16|0x0000000081000000, 0x0000000081100000, 0x0000000081100000|100%| O|  |TAMS 0x0000000081100000, 0x0000000081100000| Untracked 
|  17|0x0000000081100000, 0x00000000811fffc8, 0x0000000081200000| 99%| O|  |TAMS 0x00000000811fffc8, 0x00000000811fffc8| Untracked 
|  18|0x0000000081200000, 0x00000000812fffc8, 0x0000000081300000| 99%| O|  |TAMS 0x00000000812fffc8, 0x00000000812fffc8| Untracked 
|  19|0x0000000081300000, 0x0000000081400000, 0x0000000081400000|100%| O|  |TAMS 0x0000000081400000, 0x0000000081400000| Untracked 
|  20|0x0000000081400000, 0x00000000814fff48, 0x0000000081500000| 99%| O|  |TAMS 0x00000000814fff48, 0x00000000814fff48| Untracked 
|  21|0x0000000081500000, 0x00000000815ffff0, 0x0000000081600000| 99%| O|  |TAMS 0x00000000815ffff0, 0x00000000815ffff0| Untracked 
|  22|0x0000000081600000, 0x0000000081700000, 0x0000000081700000|100%| O|  |TAMS 0x0000000081700000, 0x0000000081700000| Untracked 
|  23|0x0000000081700000, 0x00000000817fffb8, 0x0000000081800000| 99%| O|  |TAMS 0x00000000817fffb8, 0x00000000817fffb8| Untracked 
|  24|0x0000000081800000, 0x00000000818fffa8, 0x0000000081900000| 99%| O|  |TAMS 0x00000000818fffa8, 0x00000000818fffa8| Untracked 
|  25|0x0000000081900000, 0x00000000819ffff8, 0x0000000081a00000| 99%| O|  |TAMS 0x00000000819ffff8, 0x00000000819ffff8| Untracked 
|  26|0x0000000081a00000, 0x0000000081af63a0, 0x0000000081b00000| 96%| O|  |TAMS 0x0000000081af63a0, 0x0000000081af63a0| Untracked 
|  27|0x0000000081b00000, 0x0000000081bfffe8, 0x0000000081c00000| 99%| O|  |TAMS 0x0000000081bfffe8, 0x0000000081bfffe8| Untracked 
|  28|0x0000000081c00000, 0x0000000081cffff8, 0x0000000081d00000| 99%| O|  |TAMS 0x0000000081cffff8, 0x0000000081cffff8| Untracked 
|  29|0x0000000081d00000, 0x0000000081de7bf0, 0x0000000081e00000| 90%| O|  |TAMS 0x0000000081de7bf0, 0x0000000081de7bf0| Untracked 
|  30|0x0000000081e00000, 0x0000000081effff0, 0x0000000081f00000| 99%| O|  |TAMS 0x0000000081effff0, 0x0000000081effff0| Untracked 
|  31|0x0000000081f00000, 0x0000000081fffff0, 0x0000000082000000| 99%| O|  |TAMS 0x0000000081fffff0, 0x0000000081fffff0| Untracked 
|  32|0x0000000082000000, 0x00000000820ffff8, 0x0000000082100000| 99%| O|  |TAMS 0x00000000820ffff8, 0x00000000820ffff8| Untracked 
|  33|0x0000000082100000, 0x00000000821fffa8, 0x0000000082200000| 99%| O|  |TAMS 0x00000000821fffa8, 0x00000000821fffa8| Untracked 
|  34|0x0000000082200000, 0x0000000082300000, 0x0000000082300000|100%| O|  |TAMS 0x0000000082300000, 0x0000000082300000| Untracked 
|  35|0x0000000082300000, 0x0000000082400000, 0x0000000082400000|100%| O|  |TAMS 0x0000000082400000, 0x0000000082400000| Untracked 
|  36|0x0000000082400000, 0x00000000824ffff0, 0x0000000082500000| 99%| O|  |TAMS 0x00000000824ffff0, 0x00000000824ffff0| Untracked 
|  37|0x0000000082500000, 0x00000000825ffff8, 0x0000000082600000| 99%| O|  |TAMS 0x00000000825ffff8, 0x00000000825ffff8| Untracked 
|  38|0x0000000082600000, 0x00000000826ffff8, 0x0000000082700000| 99%| O|  |TAMS 0x00000000826ffff8, 0x00000000826ffff8| Untracked 
|  39|0x0000000082700000, 0x00000000827ffff8, 0x0000000082800000| 99%| O|  |TAMS 0x00000000827ffff8, 0x00000000827ffff8| Untracked 
|  40|0x0000000082800000, 0x00000000828fffb8, 0x0000000082900000| 99%| O|  |TAMS 0x00000000828fffb8, 0x00000000828fffb8| Untracked 
|  41|0x0000000082900000, 0x00000000829e8af0, 0x0000000082a00000| 90%| O|  |TAMS 0x00000000829e8af0, 0x00000000829e8af0| Untracked 
|  42|0x0000000082a00000, 0x0000000082afe2f8, 0x0000000082b00000| 99%| O|  |TAMS 0x0000000082afe2f8, 0x0000000082afe2f8| Untracked 
|  43|0x0000000082b00000, 0x0000000082bfafa0, 0x0000000082c00000| 98%| O|  |TAMS 0x0000000082bfafa0, 0x0000000082bfafa0| Untracked 
|  44|0x0000000082c00000, 0x0000000082cfff90, 0x0000000082d00000| 99%| O|  |TAMS 0x0000000082cfff90, 0x0000000082cfff90| Untracked 
|  45|0x0000000082d00000, 0x0000000082e00000, 0x0000000082e00000|100%|HS|  |TAMS 0x0000000082e00000, 0x0000000082e00000| Complete 
|  46|0x0000000082e00000, 0x0000000082efffe8, 0x0000000082f00000| 99%| O|  |TAMS 0x0000000082efffe8, 0x0000000082efffe8| Untracked 
|  47|0x0000000082f00000, 0x0000000083000000, 0x0000000083000000|100%| O|  |TAMS 0x0000000083000000, 0x0000000083000000| Untracked 
|  48|0x0000000083000000, 0x00000000830ffff8, 0x0000000083100000| 99%| O|  |TAMS 0x00000000830ffff8, 0x00000000830ffff8| Untracked 
|  49|0x0000000083100000, 0x0000000083200000, 0x0000000083200000|100%|HS|  |TAMS 0x0000000083200000, 0x0000000083200000| Complete 
|  50|0x0000000083200000, 0x0000000083300000, 0x0000000083300000|100%|HS|  |TAMS 0x0000000083300000, 0x0000000083300000| Complete 
|  51|0x0000000083300000, 0x0000000083400000, 0x0000000083400000|100%|HC|  |TAMS 0x0000000083400000, 0x0000000083400000| Complete 
|  52|0x0000000083400000, 0x0000000083500000, 0x0000000083500000|100%|HS|  |TAMS 0x0000000083500000, 0x0000000083500000| Complete 
|  53|0x0000000083500000, 0x0000000083600000, 0x0000000083600000|100%|HS|  |TAMS 0x0000000083600000, 0x0000000083600000| Complete 
|  54|0x0000000083600000, 0x00000000836ffff8, 0x0000000083700000| 99%| O|  |TAMS 0x00000000836ffff8, 0x00000000836ffff8| Untracked 
|  55|0x0000000083700000, 0x0000000083800000, 0x0000000083800000|100%|HS|  |TAMS 0x0000000083800000, 0x0000000083800000| Complete 
|  56|0x0000000083800000, 0x0000000083900000, 0x0000000083900000|100%|HS|  |TAMS 0x0000000083900000, 0x0000000083900000| Complete 
|  57|0x0000000083900000, 0x0000000083a00000, 0x0000000083a00000|100%|HS|  |TAMS 0x0000000083a00000, 0x0000000083a00000| Complete 
|  58|0x0000000083a00000, 0x0000000083b00000, 0x0000000083b00000|100%|HC|  |TAMS 0x0000000083b00000, 0x0000000083b00000| Complete 
|  59|0x0000000083b00000, 0x0000000083c00000, 0x0000000083c00000|100%| O|  |TAMS 0x0000000083c00000, 0x0000000083c00000| Untracked 
|  60|0x0000000083c00000, 0x0000000083cfff78, 0x0000000083d00000| 99%| O|  |TAMS 0x0000000083cfff78, 0x0000000083cfff78| Untracked 
|  61|0x0000000083d00000, 0x0000000083dffff0, 0x0000000083e00000| 99%| O|  |TAMS 0x0000000083dffff0, 0x0000000083dffff0| Untracked 
|  62|0x0000000083e00000, 0x0000000083f00000, 0x0000000083f00000|100%|HS|  |TAMS 0x0000000083f00000, 0x0000000083f00000| Complete 
|  63|0x0000000083f00000, 0x0000000084000000, 0x0000000084000000|100%| O|  |TAMS 0x0000000084000000, 0x0000000084000000| Untracked 
|  64|0x0000000084000000, 0x00000000840ff8b8, 0x0000000084100000| 99%| O|  |TAMS 0x00000000840ff8b8, 0x00000000840ff8b8| Untracked 
|  65|0x0000000084100000, 0x00000000841fffd0, 0x0000000084200000| 99%| O|  |TAMS 0x00000000841fffd0, 0x00000000841fffd0| Untracked 
|  66|0x0000000084200000, 0x00000000842fff90, 0x0000000084300000| 99%| O|  |TAMS 0x00000000842fff90, 0x00000000842fff90| Untracked 
|  67|0x0000000084300000, 0x00000000843fffe0, 0x0000000084400000| 99%| O|  |TAMS 0x00000000843fffe0, 0x00000000843fffe0| Untracked 
|  68|0x0000000084400000, 0x00000000844fffc0, 0x0000000084500000| 99%| O|  |TAMS 0x00000000844fffc0, 0x00000000844fffc0| Untracked 
|  69|0x0000000084500000, 0x0000000084600000, 0x0000000084600000|100%| O|  |TAMS 0x0000000084600000, 0x0000000084600000| Untracked 
|  70|0x0000000084600000, 0x00000000846ffff0, 0x0000000084700000| 99%| O|  |TAMS 0x00000000846ffff0, 0x00000000846ffff0| Untracked 
|  71|0x0000000084700000, 0x00000000847ffff0, 0x0000000084800000| 99%| O|  |TAMS 0x00000000847ffff0, 0x00000000847ffff0| Untracked 
|  72|0x0000000084800000, 0x00000000848fffa8, 0x0000000084900000| 99%| O|  |TAMS 0x00000000848fffa8, 0x00000000848fffa8| Untracked 
|  73|0x0000000084900000, 0x00000000849fffc8, 0x0000000084a00000| 99%| O|  |TAMS 0x00000000849fffc8, 0x00000000849fffc8| Untracked 
|  74|0x0000000084a00000, 0x0000000084b00000, 0x0000000084b00000|100%| O|  |TAMS 0x0000000084b00000, 0x0000000084b00000| Untracked 
|  75|0x0000000084b00000, 0x0000000084bffdc0, 0x0000000084c00000| 99%| O|  |TAMS 0x0000000084bffdc0, 0x0000000084bffdc0| Untracked 
|  76|0x0000000084c00000, 0x0000000084d00000, 0x0000000084d00000|100%| O|  |TAMS 0x0000000084d00000, 0x0000000084d00000| Untracked 
|  77|0x0000000084d00000, 0x0000000084e00000, 0x0000000084e00000|100%| O|  |TAMS 0x0000000084d00000, 0x0000000084e00000| Untracked 
|  78|0x0000000084e00000, 0x0000000084effff8, 0x0000000084f00000| 99%| O|  |TAMS 0x0000000084effff8, 0x0000000084effff8| Untracked 
|  79|0x0000000084f00000, 0x0000000084fffff8, 0x0000000085000000| 99%| O|  |TAMS 0x0000000084fffff8, 0x0000000084fffff8| Untracked 
|  80|0x0000000085000000, 0x00000000850ffff8, 0x0000000085100000| 99%| O|  |TAMS 0x00000000850ffff8, 0x00000000850ffff8| Untracked 
|  81|0x0000000085100000, 0x00000000851ffff8, 0x0000000085200000| 99%| O|  |TAMS 0x00000000851ffff8, 0x00000000851ffff8| Untracked 
|  82|0x0000000085200000, 0x0000000085300000, 0x0000000085300000|100%| O|  |TAMS 0x0000000085300000, 0x0000000085300000| Untracked 
|  83|0x0000000085300000, 0x00000000853ffff0, 0x0000000085400000| 99%| O|  |TAMS 0x00000000853ffff0, 0x00000000853ffff0| Untracked 
|  84|0x0000000085400000, 0x0000000085500000, 0x0000000085500000|100%| O|  |TAMS 0x0000000085500000, 0x0000000085500000| Untracked 
|  85|0x0000000085500000, 0x00000000855fffb0, 0x0000000085600000| 99%| O|  |TAMS 0x00000000855fffb0, 0x00000000855fffb0| Untracked 
|  86|0x0000000085600000, 0x00000000856fffa8, 0x0000000085700000| 99%| O|  |TAMS 0x00000000856fffa8, 0x00000000856fffa8| Untracked 
|  87|0x0000000085700000, 0x0000000085800000, 0x0000000085800000|100%| O|  |TAMS 0x0000000085800000, 0x0000000085800000| Untracked 
|  88|0x0000000085800000, 0x00000000858ffff8, 0x0000000085900000| 99%| O|  |TAMS 0x00000000858ffff8, 0x00000000858ffff8| Untracked 
|  89|0x0000000085900000, 0x00000000859ffff8, 0x0000000085a00000| 99%| O|  |TAMS 0x00000000859ffff8, 0x00000000859ffff8| Untracked 
|  90|0x0000000085a00000, 0x0000000085b00000, 0x0000000085b00000|100%| O|  |TAMS 0x0000000085b00000, 0x0000000085b00000| Untracked 
|  91|0x0000000085b00000, 0x0000000085bfffd0, 0x0000000085c00000| 99%| O|  |TAMS 0x0000000085bfffd0, 0x0000000085bfffd0| Untracked 
|  92|0x0000000085c00000, 0x0000000085cff848, 0x0000000085d00000| 99%| O|  |TAMS 0x0000000085cff848, 0x0000000085cff848| Untracked 
|  93|0x0000000085d00000, 0x0000000085dffff8, 0x0000000085e00000| 99%| O|  |TAMS 0x0000000085dffff8, 0x0000000085dffff8| Untracked 
|  94|0x0000000085e00000, 0x0000000085effff0, 0x0000000085f00000| 99%| O|  |TAMS 0x0000000085effff0, 0x0000000085effff0| Untracked 
|  95|0x0000000085f00000, 0x0000000086000000, 0x0000000086000000|100%| O|  |TAMS 0x0000000086000000, 0x0000000086000000| Untracked 
|  96|0x0000000086000000, 0x00000000860fffe8, 0x0000000086100000| 99%| O|  |TAMS 0x00000000860fffe8, 0x00000000860fffe8| Untracked 
|  97|0x0000000086100000, 0x00000000861ffff8, 0x0000000086200000| 99%| O|  |TAMS 0x00000000861ffff8, 0x00000000861ffff8| Untracked 
|  98|0x0000000086200000, 0x00000000862ffff0, 0x0000000086300000| 99%| O|  |TAMS 0x00000000862ffff0, 0x00000000862ffff0| Untracked 
|  99|0x0000000086300000, 0x00000000863fffe8, 0x0000000086400000| 99%| O|  |TAMS 0x00000000863fffe8, 0x00000000863fffe8| Untracked 
| 100|0x0000000086400000, 0x00000000864ffff0, 0x0000000086500000| 99%| O|  |TAMS 0x00000000864ffff0, 0x00000000864ffff0| Untracked 
| 101|0x0000000086500000, 0x00000000865fff88, 0x0000000086600000| 99%| O|  |TAMS 0x00000000865fff88, 0x00000000865fff88| Untracked 
| 102|0x0000000086600000, 0x0000000086700000, 0x0000000086700000|100%|HS|  |TAMS 0x0000000086600000, 0x0000000086600000| Complete 
| 103|0x0000000086700000, 0x00000000867fffe8, 0x0000000086800000| 99%| O|  |TAMS 0x00000000867fffe8, 0x00000000867fffe8| Untracked 
| 104|0x0000000086800000, 0x00000000868fffe8, 0x0000000086900000| 99%| O|  |TAMS 0x00000000868fffe8, 0x00000000868fffe8| Untracked 
| 105|0x0000000086900000, 0x0000000086a00000, 0x0000000086a00000|100%| O|  |TAMS 0x0000000086900000, 0x0000000086a00000| Untracked 
| 106|0x0000000086a00000, 0x0000000086afa0c8, 0x0000000086b00000| 97%| O|  |TAMS 0x0000000086afa0c8, 0x0000000086afa0c8| Untracked 
| 107|0x0000000086b00000, 0x0000000086bfffe8, 0x0000000086c00000| 99%| O|  |TAMS 0x0000000086bfffe8, 0x0000000086bfffe8| Untracked 
| 108|0x0000000086c00000, 0x0000000086cffff0, 0x0000000086d00000| 99%| O|  |TAMS 0x0000000086cffff0, 0x0000000086cffff0| Untracked 
| 109|0x0000000086d00000, 0x0000000086dfff98, 0x0000000086e00000| 99%| O|  |TAMS 0x0000000086dfff98, 0x0000000086dfff98| Untracked 
| 110|0x0000000086e00000, 0x0000000086f00000, 0x0000000086f00000|100%| O|  |TAMS 0x0000000086f00000, 0x0000000086f00000| Untracked 
| 111|0x0000000086f00000, 0x0000000086fffff0, 0x0000000087000000| 99%| O|  |TAMS 0x0000000086fffff0, 0x0000000086fffff0| Untracked 
| 112|0x0000000087000000, 0x00000000870fff80, 0x0000000087100000| 99%| O|  |TAMS 0x00000000870fff80, 0x00000000870fff80| Untracked 
| 113|0x0000000087100000, 0x00000000871ffff8, 0x0000000087200000| 99%| O|  |TAMS 0x00000000871ffff8, 0x00000000871ffff8| Untracked 
| 114|0x0000000087200000, 0x0000000087300000, 0x0000000087300000|100%| O|  |TAMS 0x0000000087300000, 0x0000000087300000| Untracked 
| 115|0x0000000087300000, 0x0000000087400000, 0x0000000087400000|100%| O|  |TAMS 0x0000000087400000, 0x0000000087400000| Untracked 
| 116|0x0000000087400000, 0x0000000087500000, 0x0000000087500000|100%| O|  |TAMS 0x0000000087500000, 0x0000000087500000| Untracked 
| 117|0x0000000087500000, 0x0000000087600000, 0x0000000087600000|100%| O|  |TAMS 0x0000000087600000, 0x0000000087600000| Untracked 
| 118|0x0000000087600000, 0x0000000087700000, 0x0000000087700000|100%| O|  |TAMS 0x0000000087700000, 0x0000000087700000| Untracked 
| 119|0x0000000087700000, 0x00000000877ffe58, 0x0000000087800000| 99%| O|  |TAMS 0x00000000877ffe58, 0x00000000877ffe58| Untracked 
| 120|0x0000000087800000, 0x0000000087900000, 0x0000000087900000|100%| O|  |TAMS 0x0000000087900000, 0x0000000087900000| Untracked 
| 121|0x0000000087900000, 0x00000000879fffe0, 0x0000000087a00000| 99%| O|  |TAMS 0x00000000879fffe0, 0x00000000879fffe0| Untracked 
| 122|0x0000000087a00000, 0x0000000087b00000, 0x0000000087b00000|100%| O|  |TAMS 0x0000000087b00000, 0x0000000087b00000| Untracked 
| 123|0x0000000087b00000, 0x0000000087c00000, 0x0000000087c00000|100%| O|  |TAMS 0x0000000087c00000, 0x0000000087c00000| Untracked 
| 124|0x0000000087c00000, 0x0000000087d00000, 0x0000000087d00000|100%| O|  |TAMS 0x0000000087d00000, 0x0000000087d00000| Untracked 
| 125|0x0000000087d00000, 0x0000000087e00000, 0x0000000087e00000|100%| O|  |TAMS 0x0000000087e00000, 0x0000000087e00000| Untracked 
| 126|0x0000000087e00000, 0x0000000087efffe8, 0x0000000087f00000| 99%| O|  |TAMS 0x0000000087efffe8, 0x0000000087efffe8| Untracked 
| 127|0x0000000087f00000, 0x0000000088000000, 0x0000000088000000|100%| O|  |TAMS 0x0000000088000000, 0x0000000088000000| Untracked 
| 128|0x0000000088000000, 0x00000000880ffff8, 0x0000000088100000| 99%| O|  |TAMS 0x00000000880ffff8, 0x00000000880ffff8| Untracked 
| 129|0x0000000088100000, 0x0000000088200000, 0x0000000088200000|100%| O|  |TAMS 0x0000000088200000, 0x0000000088200000| Untracked 
| 130|0x0000000088200000, 0x00000000882fffe8, 0x0000000088300000| 99%| O|  |TAMS 0x00000000882fffe8, 0x00000000882fffe8| Untracked 
| 131|0x0000000088300000, 0x0000000088400000, 0x0000000088400000|100%| O|  |TAMS 0x0000000088300000, 0x0000000088400000| Untracked 
| 132|0x0000000088400000, 0x0000000088500000, 0x0000000088500000|100%|HS|  |TAMS 0x0000000088400000, 0x0000000088400000| Complete 
| 133|0x0000000088500000, 0x0000000088600000, 0x0000000088600000|100%| O|  |TAMS 0x0000000088600000, 0x0000000088600000| Untracked 
| 134|0x0000000088600000, 0x0000000088700000, 0x0000000088700000|100%|HS|  |TAMS 0x0000000088700000, 0x0000000088700000| Complete 
| 135|0x0000000088700000, 0x0000000088800000, 0x0000000088800000|100%|HC|  |TAMS 0x0000000088800000, 0x0000000088800000| Complete 
| 136|0x0000000088800000, 0x0000000088900000, 0x0000000088900000|100%|HC|  |TAMS 0x0000000088900000, 0x0000000088900000| Complete 
| 137|0x0000000088900000, 0x0000000088a00000, 0x0000000088a00000|100%| O|  |TAMS 0x0000000088900000, 0x0000000088a00000| Untracked 
| 138|0x0000000088a00000, 0x0000000088afffc8, 0x0000000088b00000| 99%| O|  |TAMS 0x0000000088afffc8, 0x0000000088afffc8| Untracked 
| 139|0x0000000088b00000, 0x0000000088c00000, 0x0000000088c00000|100%| O|  |TAMS 0x0000000088b00000, 0x0000000088c00000| Untracked 
| 140|0x0000000088c00000, 0x0000000088d00000, 0x0000000088d00000|100%| O|  |TAMS 0x0000000088d00000, 0x0000000088d00000| Untracked 
| 141|0x0000000088d00000, 0x0000000088e00000, 0x0000000088e00000|100%| O|  |TAMS 0x0000000088e00000, 0x0000000088e00000| Untracked 
| 142|0x0000000088e00000, 0x0000000088f00000, 0x0000000088f00000|100%| O|  |TAMS 0x0000000088f00000, 0x0000000088f00000| Untracked 
| 143|0x0000000088f00000, 0x0000000089000000, 0x0000000089000000|100%| O|  |TAMS 0x0000000089000000, 0x0000000089000000| Untracked 
| 144|0x0000000089000000, 0x0000000089100000, 0x0000000089100000|100%| O|  |TAMS 0x0000000089100000, 0x0000000089100000| Untracked 
| 145|0x0000000089100000, 0x0000000089200000, 0x0000000089200000|100%| O|  |TAMS 0x0000000089100000, 0x0000000089200000| Untracked 
| 146|0x0000000089200000, 0x0000000089300000, 0x0000000089300000|100%| O|  |TAMS 0x0000000089300000, 0x0000000089300000| Untracked 
| 147|0x0000000089300000, 0x00000000893ffff8, 0x0000000089400000| 99%| O|  |TAMS 0x00000000893ffff8, 0x00000000893ffff8| Untracked 
| 148|0x0000000089400000, 0x0000000089500000, 0x0000000089500000|100%| O|  |TAMS 0x0000000089500000, 0x0000000089500000| Untracked 
| 149|0x0000000089500000, 0x00000000895b9228, 0x0000000089600000| 72%| O|  |TAMS 0x00000000895b9228, 0x00000000895b9228| Untracked 
| 150|0x0000000089600000, 0x00000000896920d8, 0x0000000089700000| 57%| O|  |TAMS 0x00000000896920d8, 0x00000000896920d8| Untracked 
| 151|0x0000000089700000, 0x0000000089800000, 0x0000000089800000|100%| O|  |TAMS 0x0000000089800000, 0x0000000089800000| Untracked 
| 152|0x0000000089800000, 0x0000000089800000, 0x0000000089900000|  0%| F|  |TAMS 0x0000000089800000, 0x0000000089800000| Untracked 
| 153|0x0000000089900000, 0x0000000089a00000, 0x0000000089a00000|100%| O|  |TAMS 0x0000000089a00000, 0x0000000089a00000| Untracked 
| 154|0x0000000089a00000, 0x0000000089b00000, 0x0000000089b00000|100%| O|  |TAMS 0x0000000089b00000, 0x0000000089b00000| Untracked 
| 155|0x0000000089b00000, 0x0000000089c00000, 0x0000000089c00000|100%| O|  |TAMS 0x0000000089c00000, 0x0000000089c00000| Untracked 
| 156|0x0000000089c00000, 0x0000000089d00000, 0x0000000089d00000|100%| O|  |TAMS 0x0000000089d00000, 0x0000000089d00000| Untracked 
| 157|0x0000000089d00000, 0x0000000089e00000, 0x0000000089e00000|100%| O|  |TAMS 0x0000000089e00000, 0x0000000089e00000| Untracked 
| 158|0x0000000089e00000, 0x0000000089f00000, 0x0000000089f00000|100%| O|  |TAMS 0x0000000089f00000, 0x0000000089f00000| Untracked 
| 159|0x0000000089f00000, 0x000000008a000000, 0x000000008a000000|100%| O|  |TAMS 0x000000008a000000, 0x000000008a000000| Untracked 
| 160|0x000000008a000000, 0x000000008a100000, 0x000000008a100000|100%| O|  |TAMS 0x000000008a100000, 0x000000008a100000| Untracked 
| 161|0x000000008a100000, 0x000000008a200000, 0x000000008a200000|100%| O|  |TAMS 0x000000008a200000, 0x000000008a200000| Untracked 
| 162|0x000000008a200000, 0x000000008a200000, 0x000000008a300000|  0%| F|  |TAMS 0x000000008a200000, 0x000000008a200000| Untracked 
| 163|0x000000008a300000, 0x000000008a400000, 0x000000008a400000|100%| O|  |TAMS 0x000000008a300000, 0x000000008a400000| Untracked 
| 164|0x000000008a400000, 0x000000008a500000, 0x000000008a500000|100%| O|  |TAMS 0x000000008a500000, 0x000000008a500000| Untracked 
| 165|0x000000008a500000, 0x000000008a500000, 0x000000008a600000|  0%| F|  |TAMS 0x000000008a500000, 0x000000008a500000| Untracked 
| 166|0x000000008a600000, 0x000000008a700000, 0x000000008a700000|100%| O|  |TAMS 0x000000008a700000, 0x000000008a700000| Untracked 
| 167|0x000000008a700000, 0x000000008a800000, 0x000000008a800000|100%| O|  |TAMS 0x000000008a800000, 0x000000008a800000| Untracked 
| 168|0x000000008a800000, 0x000000008a900000, 0x000000008a900000|100%| O|  |TAMS 0x000000008a900000, 0x000000008a900000| Untracked 
| 169|0x000000008a900000, 0x000000008aa00000, 0x000000008aa00000|100%| O|  |TAMS 0x000000008a900000, 0x000000008aa00000| Untracked 
| 170|0x000000008aa00000, 0x000000008ab00000, 0x000000008ab00000|100%| O|  |TAMS 0x000000008aa00000, 0x000000008ab00000| Untracked 
| 171|0x000000008ab00000, 0x000000008ab00000, 0x000000008ac00000|  0%| F|  |TAMS 0x000000008ab00000, 0x000000008ab00000| Untracked 
| 172|0x000000008ac00000, 0x000000008ad00000, 0x000000008ad00000|100%| O|  |TAMS 0x000000008ac00000, 0x000000008ad00000| Untracked 
| 173|0x000000008ad00000, 0x000000008ae00000, 0x000000008ae00000|100%| O|  |TAMS 0x000000008ae00000, 0x000000008ae00000| Untracked 
| 174|0x000000008ae00000, 0x000000008af00000, 0x000000008af00000|100%| O|  |TAMS 0x000000008af00000, 0x000000008af00000| Untracked 
| 175|0x000000008af00000, 0x000000008b000000, 0x000000008b000000|100%| O|  |TAMS 0x000000008b000000, 0x000000008b000000| Untracked 
| 176|0x000000008b000000, 0x000000008b100000, 0x000000008b100000|100%| O|  |TAMS 0x000000008b100000, 0x000000008b100000| Untracked 
| 177|0x000000008b100000, 0x000000008b200000, 0x000000008b200000|100%| O|  |TAMS 0x000000008b100000, 0x000000008b200000| Untracked 
| 178|0x000000008b200000, 0x000000008b300000, 0x000000008b300000|100%| O|  |TAMS 0x000000008b300000, 0x000000008b300000| Untracked 
| 179|0x000000008b300000, 0x000000008b400000, 0x000000008b400000|100%| O|  |TAMS 0x000000008b300000, 0x000000008b400000| Untracked 
| 180|0x000000008b400000, 0x000000008b400000, 0x000000008b500000|  0%| F|  |TAMS 0x000000008b400000, 0x000000008b400000| Untracked 
| 181|0x000000008b500000, 0x000000008b600000, 0x000000008b600000|100%| O|  |TAMS 0x000000008b500000, 0x000000008b600000| Untracked 
| 182|0x000000008b600000, 0x000000008b700000, 0x000000008b700000|100%| O|  |TAMS 0x000000008b700000, 0x000000008b700000| Untracked 
| 183|0x000000008b700000, 0x000000008b800000, 0x000000008b800000|100%| O|  |TAMS 0x000000008b800000, 0x000000008b800000| Untracked 
| 184|0x000000008b800000, 0x000000008b900000, 0x000000008b900000|100%| O|  |TAMS 0x000000008b800000, 0x000000008b900000| Untracked 
| 185|0x000000008b900000, 0x000000008ba00000, 0x000000008ba00000|100%| O|  |TAMS 0x000000008ba00000, 0x000000008ba00000| Untracked 
| 186|0x000000008ba00000, 0x000000008bb00000, 0x000000008bb00000|100%| O|  |TAMS 0x000000008ba00000, 0x000000008bb00000| Untracked 
| 187|0x000000008bb00000, 0x000000008bb00000, 0x000000008bc00000|  0%| F|  |TAMS 0x000000008bb00000, 0x000000008bb00000| Untracked 
| 188|0x000000008bc00000, 0x000000008bc00000, 0x000000008bd00000|  0%| F|  |TAMS 0x000000008bc00000, 0x000000008bc00000| Untracked 
| 189|0x000000008bd00000, 0x000000008be00000, 0x000000008be00000|100%| O|  |TAMS 0x000000008bd00000, 0x000000008be00000| Untracked 
| 190|0x000000008be00000, 0x000000008bf00000, 0x000000008bf00000|100%| O|  |TAMS 0x000000008bf00000, 0x000000008bf00000| Untracked 
| 191|0x000000008bf00000, 0x000000008c000000, 0x000000008c000000|100%| O|  |TAMS 0x000000008c000000, 0x000000008c000000| Untracked 
| 192|0x000000008c000000, 0x000000008c000000, 0x000000008c100000|  0%| F|  |TAMS 0x000000008c000000, 0x000000008c000000| Untracked 
| 193|0x000000008c100000, 0x000000008c200000, 0x000000008c200000|100%| O|  |TAMS 0x000000008c200000, 0x000000008c200000| Untracked 
| 194|0x000000008c200000, 0x000000008c300000, 0x000000008c300000|100%| O|  |TAMS 0x000000008c300000, 0x000000008c300000| Untracked 
| 195|0x000000008c300000, 0x000000008c400000, 0x000000008c400000|100%| O|  |TAMS 0x000000008c400000, 0x000000008c400000| Untracked 
| 196|0x000000008c400000, 0x000000008c500000, 0x000000008c500000|100%| O|  |TAMS 0x000000008c400000, 0x000000008c500000| Untracked 
| 197|0x000000008c500000, 0x000000008c500000, 0x000000008c600000|  0%| F|  |TAMS 0x000000008c500000, 0x000000008c500000| Untracked 
| 198|0x000000008c600000, 0x000000008c700000, 0x000000008c700000|100%| O|  |TAMS 0x000000008c700000, 0x000000008c700000| Untracked 
| 199|0x000000008c700000, 0x000000008c800000, 0x000000008c800000|100%| O|  |TAMS 0x000000008c800000, 0x000000008c800000| Untracked 
| 200|0x000000008c800000, 0x000000008c900000, 0x000000008c900000|100%| O|  |TAMS 0x000000008c900000, 0x000000008c900000| Untracked 
| 201|0x000000008c900000, 0x000000008ca00000, 0x000000008ca00000|100%| O|  |TAMS 0x000000008ca00000, 0x000000008ca00000| Untracked 
| 202|0x000000008ca00000, 0x000000008cb00000, 0x000000008cb00000|100%| O|  |TAMS 0x000000008ca00000, 0x000000008cb00000| Untracked 
| 203|0x000000008cb00000, 0x000000008cc00000, 0x000000008cc00000|100%| O|  |TAMS 0x000000008cc00000, 0x000000008cc00000| Untracked 
| 204|0x000000008cc00000, 0x000000008cd00000, 0x000000008cd00000|100%| O|  |TAMS 0x000000008cd00000, 0x000000008cd00000| Untracked 
| 205|0x000000008cd00000, 0x000000008ce00000, 0x000000008ce00000|100%| O|  |TAMS 0x000000008ce00000, 0x000000008ce00000| Untracked 
| 206|0x000000008ce00000, 0x000000008cf00000, 0x000000008cf00000|100%| O|  |TAMS 0x000000008cf00000, 0x000000008cf00000| Untracked 
| 207|0x000000008cf00000, 0x000000008d000000, 0x000000008d000000|100%| O|  |TAMS 0x000000008d000000, 0x000000008d000000| Untracked 
| 208|0x000000008d000000, 0x000000008d100000, 0x000000008d100000|100%| O|  |TAMS 0x000000008d100000, 0x000000008d100000| Untracked 
| 209|0x000000008d100000, 0x000000008d200000, 0x000000008d200000|100%| O|  |TAMS 0x000000008d200000, 0x000000008d200000| Untracked 
| 210|0x000000008d200000, 0x000000008d300000, 0x000000008d300000|100%| O|  |TAMS 0x000000008d300000, 0x000000008d300000| Untracked 
| 211|0x000000008d300000, 0x000000008d300000, 0x000000008d400000|  0%| F|  |TAMS 0x000000008d300000, 0x000000008d300000| Untracked 
| 212|0x000000008d400000, 0x000000008d400000, 0x000000008d500000|  0%| F|  |TAMS 0x000000008d400000, 0x000000008d400000| Untracked 
| 213|0x000000008d500000, 0x000000008d600000, 0x000000008d600000|100%| O|  |TAMS 0x000000008d600000, 0x000000008d600000| Untracked 
| 214|0x000000008d600000, 0x000000008d700000, 0x000000008d700000|100%| O|  |TAMS 0x000000008d700000, 0x000000008d700000| Untracked 
| 215|0x000000008d700000, 0x000000008d800000, 0x000000008d800000|100%| O|  |TAMS 0x000000008d800000, 0x000000008d800000| Untracked 
| 216|0x000000008d800000, 0x000000008d900000, 0x000000008d900000|100%| O|  |TAMS 0x000000008d900000, 0x000000008d900000| Untracked 
| 217|0x000000008d900000, 0x000000008da00000, 0x000000008da00000|100%| O|  |TAMS 0x000000008da00000, 0x000000008da00000| Untracked 
| 218|0x000000008da00000, 0x000000008db00000, 0x000000008db00000|100%| O|  |TAMS 0x000000008db00000, 0x000000008db00000| Untracked 
| 219|0x000000008db00000, 0x000000008dc00000, 0x000000008dc00000|100%| O|  |TAMS 0x000000008dc00000, 0x000000008dc00000| Untracked 
| 220|0x000000008dc00000, 0x000000008dc00000, 0x000000008dd00000|  0%| F|  |TAMS 0x000000008dc00000, 0x000000008dc00000| Untracked 
| 221|0x000000008dd00000, 0x000000008de00000, 0x000000008de00000|100%| O|  |TAMS 0x000000008de00000, 0x000000008de00000| Untracked 
| 222|0x000000008de00000, 0x000000008df00000, 0x000000008df00000|100%| O|  |TAMS 0x000000008de00000, 0x000000008df00000| Untracked 
| 223|0x000000008df00000, 0x000000008e000000, 0x000000008e000000|100%| O|  |TAMS 0x000000008df00000, 0x000000008e000000| Untracked 
| 224|0x000000008e000000, 0x000000008e100000, 0x000000008e100000|100%|HS|  |TAMS 0x000000008e000000, 0x000000008e000000| Complete 
| 225|0x000000008e100000, 0x000000008e200000, 0x000000008e200000|100%|HC|  |TAMS 0x000000008e100000, 0x000000008e100000| Complete 
| 226|0x000000008e200000, 0x000000008e300000, 0x000000008e300000|100%|HC|  |TAMS 0x000000008e200000, 0x000000008e200000| Complete 
| 227|0x000000008e300000, 0x000000008e400000, 0x000000008e400000|100%|HC|  |TAMS 0x000000008e300000, 0x000000008e300000| Complete 
| 228|0x000000008e400000, 0x000000008e500000, 0x000000008e500000|100%|HC|  |TAMS 0x000000008e400000, 0x000000008e400000| Complete 
| 229|0x000000008e500000, 0x000000008e600000, 0x000000008e600000|100%|HC|  |TAMS 0x000000008e500000, 0x000000008e500000| Complete 
| 230|0x000000008e600000, 0x000000008e700000, 0x000000008e700000|100%| O|  |TAMS 0x000000008e700000, 0x000000008e700000| Untracked 
| 231|0x000000008e700000, 0x000000008e800000, 0x000000008e800000|100%| O|  |TAMS 0x000000008e800000, 0x000000008e800000| Untracked 
| 232|0x000000008e800000, 0x000000008e900000, 0x000000008e900000|100%| O|  |TAMS 0x000000008e900000, 0x000000008e900000| Untracked 
| 233|0x000000008e900000, 0x000000008ea00000, 0x000000008ea00000|100%| O|  |TAMS 0x000000008ea00000, 0x000000008ea00000| Untracked 
| 234|0x000000008ea00000, 0x000000008ea00000, 0x000000008eb00000|  0%| F|  |TAMS 0x000000008ea00000, 0x000000008ea00000| Untracked 
| 235|0x000000008eb00000, 0x000000008ec00000, 0x000000008ec00000|100%| O|  |TAMS 0x000000008ec00000, 0x000000008ec00000| Untracked 
| 236|0x000000008ec00000, 0x000000008ed00000, 0x000000008ed00000|100%| O|  |TAMS 0x000000008ed00000, 0x000000008ed00000| Untracked 
| 237|0x000000008ed00000, 0x000000008ed00000, 0x000000008ee00000|  0%| F|  |TAMS 0x000000008ed00000, 0x000000008ed00000| Untracked 
| 238|0x000000008ee00000, 0x000000008ee00000, 0x000000008ef00000|  0%| F|  |TAMS 0x000000008ee00000, 0x000000008ee00000| Untracked 
| 239|0x000000008ef00000, 0x000000008f000000, 0x000000008f000000|100%| O|  |TAMS 0x000000008f000000, 0x000000008f000000| Untracked 
| 240|0x000000008f000000, 0x000000008f100000, 0x000000008f100000|100%| O|  |TAMS 0x000000008f100000, 0x000000008f100000| Untracked 
| 241|0x000000008f100000, 0x000000008f200000, 0x000000008f200000|100%| O|  |TAMS 0x000000008f200000, 0x000000008f200000| Untracked 
| 242|0x000000008f200000, 0x000000008f300000, 0x000000008f300000|100%| O|  |TAMS 0x000000008f300000, 0x000000008f300000| Untracked 
| 243|0x000000008f300000, 0x000000008f400000, 0x000000008f400000|100%| O|  |TAMS 0x000000008f400000, 0x000000008f400000| Untracked 
| 244|0x000000008f400000, 0x000000008f500000, 0x000000008f500000|100%| O|  |TAMS 0x000000008f500000, 0x000000008f500000| Untracked 
| 245|0x000000008f500000, 0x000000008f500000, 0x000000008f600000|  0%| F|  |TAMS 0x000000008f500000, 0x000000008f500000| Untracked 
| 246|0x000000008f600000, 0x000000008f600000, 0x000000008f700000|  0%| F|  |TAMS 0x000000008f600000, 0x000000008f600000| Untracked 
| 247|0x000000008f700000, 0x000000008f800000, 0x000000008f800000|100%| O|  |TAMS 0x000000008f800000, 0x000000008f800000| Untracked 
| 248|0x000000008f800000, 0x000000008f900000, 0x000000008f900000|100%| O|  |TAMS 0x000000008f900000, 0x000000008f900000| Untracked 
| 249|0x000000008f900000, 0x000000008fa00000, 0x000000008fa00000|100%| O|  |TAMS 0x000000008fa00000, 0x000000008fa00000| Untracked 
| 250|0x000000008fa00000, 0x000000008fb00000, 0x000000008fb00000|100%| O|  |TAMS 0x000000008fb00000, 0x000000008fb00000| Untracked 
| 251|0x000000008fb00000, 0x000000008fc00000, 0x000000008fc00000|100%| O|  |TAMS 0x000000008fc00000, 0x000000008fc00000| Untracked 
| 252|0x000000008fc00000, 0x000000008fd00000, 0x000000008fd00000|100%| O|  |TAMS 0x000000008fd00000, 0x000000008fd00000| Untracked 
| 253|0x000000008fd00000, 0x000000008fe00000, 0x000000008fe00000|100%| O|  |TAMS 0x000000008fe00000, 0x000000008fe00000| Untracked 
| 254|0x000000008fe00000, 0x000000008ff00000, 0x000000008ff00000|100%| O|  |TAMS 0x000000008ff00000, 0x000000008ff00000| Untracked 
| 255|0x000000008ff00000, 0x0000000090000000, 0x0000000090000000|100%| O|  |TAMS 0x0000000090000000, 0x0000000090000000| Untracked 
| 256|0x0000000090000000, 0x0000000090100000, 0x0000000090100000|100%| O|  |TAMS 0x0000000090100000, 0x0000000090100000| Untracked 
| 257|0x0000000090100000, 0x0000000090200000, 0x0000000090200000|100%| O|  |TAMS 0x0000000090200000, 0x0000000090200000| Untracked 
| 258|0x0000000090200000, 0x0000000090300000, 0x0000000090300000|100%| O|  |TAMS 0x0000000090300000, 0x0000000090300000| Untracked 
| 259|0x0000000090300000, 0x0000000090400000, 0x0000000090400000|100%| O|  |TAMS 0x0000000090400000, 0x0000000090400000| Untracked 
| 260|0x0000000090400000, 0x0000000090500000, 0x0000000090500000|100%| O|  |TAMS 0x0000000090500000, 0x0000000090500000| Untracked 
| 261|0x0000000090500000, 0x0000000090600000, 0x0000000090600000|100%| O|  |TAMS 0x0000000090600000, 0x0000000090600000| Untracked 
| 262|0x0000000090600000, 0x0000000090700000, 0x0000000090700000|100%| O|  |TAMS 0x0000000090700000, 0x0000000090700000| Untracked 
| 263|0x0000000090700000, 0x0000000090800000, 0x0000000090800000|100%| O|  |TAMS 0x0000000090800000, 0x0000000090800000| Untracked 
| 264|0x0000000090800000, 0x0000000090900000, 0x0000000090900000|100%| O|  |TAMS 0x0000000090900000, 0x0000000090900000| Untracked 
| 265|0x0000000090900000, 0x0000000090a00000, 0x0000000090a00000|100%| O|  |TAMS 0x0000000090a00000, 0x0000000090a00000| Untracked 
| 266|0x0000000090a00000, 0x0000000090b00000, 0x0000000090b00000|100%| O|  |TAMS 0x0000000090b00000, 0x0000000090b00000| Untracked 
| 267|0x0000000090b00000, 0x0000000090c00000, 0x0000000090c00000|100%| O|  |TAMS 0x0000000090c00000, 0x0000000090c00000| Untracked 
| 268|0x0000000090c00000, 0x0000000090d00000, 0x0000000090d00000|100%| O|  |TAMS 0x0000000090c00000, 0x0000000090d00000| Untracked 
| 269|0x0000000090d00000, 0x0000000090e00000, 0x0000000090e00000|100%| O|  |TAMS 0x0000000090d00000, 0x0000000090e00000| Untracked 
| 270|0x0000000090e00000, 0x0000000090f00000, 0x0000000090f00000|100%| O|  |TAMS 0x0000000090e00000, 0x0000000090f00000| Untracked 
| 271|0x0000000090f00000, 0x0000000090f60400, 0x0000000091000000| 37%| O|  |TAMS 0x0000000090f00000, 0x0000000090f60400| Untracked 
| 272|0x0000000091000000, 0x0000000091100000, 0x0000000091100000|100%|HS|  |TAMS 0x0000000091000000, 0x0000000091000000| Complete 
| 273|0x0000000091100000, 0x0000000091200000, 0x0000000091200000|100%|HC|  |TAMS 0x0000000091100000, 0x0000000091100000| Complete 
| 274|0x0000000091200000, 0x0000000091300000, 0x0000000091300000|100%|HC|  |TAMS 0x0000000091200000, 0x0000000091200000| Complete 
| 275|0x0000000091300000, 0x0000000091400000, 0x0000000091400000|100%|HC|  |TAMS 0x0000000091300000, 0x0000000091300000| Complete 
| 276|0x0000000091400000, 0x0000000091500000, 0x0000000091500000|100%|HC|  |TAMS 0x0000000091400000, 0x0000000091400000| Complete 
| 277|0x0000000091500000, 0x0000000091600000, 0x0000000091600000|100%|HC|  |TAMS 0x0000000091500000, 0x0000000091500000| Complete 
| 278|0x0000000091600000, 0x0000000091700000, 0x0000000091700000|100%|HC|  |TAMS 0x0000000091600000, 0x0000000091600000| Complete 
| 279|0x0000000091700000, 0x0000000091800000, 0x0000000091800000|100%|HC|  |TAMS 0x0000000091700000, 0x0000000091700000| Complete 
| 280|0x0000000091800000, 0x0000000091900000, 0x0000000091900000|100%|HC|  |TAMS 0x0000000091800000, 0x0000000091800000| Complete 
| 281|0x0000000091900000, 0x0000000091a00000, 0x0000000091a00000|100%|HC|  |TAMS 0x0000000091900000, 0x0000000091900000| Complete 
| 282|0x0000000091a00000, 0x0000000091b00000, 0x0000000091b00000|100%|HC|  |TAMS 0x0000000091a00000, 0x0000000091a00000| Complete 
| 283|0x0000000091b00000, 0x0000000091c00000, 0x0000000091c00000|100%|HC|  |TAMS 0x0000000091b00000, 0x0000000091b00000| Complete 
| 284|0x0000000091c00000, 0x0000000091d00000, 0x0000000091d00000|100%|HC|  |TAMS 0x0000000091c00000, 0x0000000091c00000| Complete 
| 285|0x0000000091d00000, 0x0000000091e00000, 0x0000000091e00000|100%|HC|  |TAMS 0x0000000091d00000, 0x0000000091d00000| Complete 
| 286|0x0000000091e00000, 0x0000000091f00000, 0x0000000091f00000|100%|HC|  |TAMS 0x0000000091e00000, 0x0000000091e00000| Complete 
| 287|0x0000000091f00000, 0x0000000092000000, 0x0000000092000000|100%|HC|  |TAMS 0x0000000091f00000, 0x0000000091f00000| Complete 
| 288|0x0000000092000000, 0x0000000092100000, 0x0000000092100000|100%|HC|  |TAMS 0x0000000092000000, 0x0000000092000000| Complete 
| 289|0x0000000092100000, 0x0000000092200000, 0x0000000092200000|100%|HC|  |TAMS 0x0000000092100000, 0x0000000092100000| Complete 
| 290|0x0000000092200000, 0x0000000092300000, 0x0000000092300000|100%|HC|  |TAMS 0x0000000092200000, 0x0000000092200000| Complete 
| 291|0x0000000092300000, 0x0000000092400000, 0x0000000092400000|100%|HC|  |TAMS 0x0000000092300000, 0x0000000092300000| Complete 
| 292|0x0000000092400000, 0x0000000092500000, 0x0000000092500000|100%|HC|  |TAMS 0x0000000092400000, 0x0000000092400000| Complete 
| 293|0x0000000092500000, 0x0000000092600000, 0x0000000092600000|100%|HC|  |TAMS 0x0000000092500000, 0x0000000092500000| Complete 
| 294|0x0000000092600000, 0x0000000092700000, 0x0000000092700000|100%|HC|  |TAMS 0x0000000092600000, 0x0000000092600000| Complete 
| 295|0x0000000092700000, 0x0000000092800000, 0x0000000092800000|100%|HC|  |TAMS 0x0000000092700000, 0x0000000092700000| Complete 
| 296|0x0000000092800000, 0x0000000092900000, 0x0000000092900000|100%|HC|  |TAMS 0x0000000092800000, 0x0000000092800000| Complete 
| 297|0x0000000092900000, 0x0000000092a00000, 0x0000000092a00000|100%|HC|  |TAMS 0x0000000092900000, 0x0000000092900000| Complete 
| 298|0x0000000092a00000, 0x0000000092b00000, 0x0000000092b00000|100%|HC|  |TAMS 0x0000000092a00000, 0x0000000092a00000| Complete 
| 299|0x0000000092b00000, 0x0000000092c00000, 0x0000000092c00000|100%|HC|  |TAMS 0x0000000092b00000, 0x0000000092b00000| Complete 
| 300|0x0000000092c00000, 0x0000000092d00000, 0x0000000092d00000|100%|HC|  |TAMS 0x0000000092c00000, 0x0000000092c00000| Complete 
| 301|0x0000000092d00000, 0x0000000092e00000, 0x0000000092e00000|100%|HS|  |TAMS 0x0000000092d00000, 0x0000000092d00000| Complete 
| 302|0x0000000092e00000, 0x0000000092f00000, 0x0000000092f00000|100%|HC|  |TAMS 0x0000000092e00000, 0x0000000092e00000| Complete 
| 303|0x0000000092f00000, 0x0000000093000000, 0x0000000093000000|100%|HC|  |TAMS 0x0000000092f00000, 0x0000000092f00000| Complete 
| 304|0x0000000093000000, 0x0000000093100000, 0x0000000093100000|100%|HC|  |TAMS 0x0000000093000000, 0x0000000093000000| Complete 
| 305|0x0000000093100000, 0x0000000093200000, 0x0000000093200000|100%|HC|  |TAMS 0x0000000093100000, 0x0000000093100000| Complete 
| 306|0x0000000093200000, 0x0000000093300000, 0x0000000093300000|100%|HC|  |TAMS 0x0000000093200000, 0x0000000093200000| Complete 
| 307|0x0000000093300000, 0x0000000093400000, 0x0000000093400000|100%|HC|  |TAMS 0x0000000093300000, 0x0000000093300000| Complete 
| 308|0x0000000093400000, 0x0000000093500000, 0x0000000093500000|100%|HC|  |TAMS 0x0000000093400000, 0x0000000093400000| Complete 
| 309|0x0000000093500000, 0x0000000093600000, 0x0000000093600000|100%|HC|  |TAMS 0x0000000093500000, 0x0000000093500000| Complete 
| 310|0x0000000093600000, 0x0000000093700000, 0x0000000093700000|100%|HC|  |TAMS 0x0000000093600000, 0x0000000093600000| Complete 
| 311|0x0000000093700000, 0x0000000093800000, 0x0000000093800000|100%|HC|  |TAMS 0x0000000093700000, 0x0000000093700000| Complete 
| 312|0x0000000093800000, 0x0000000093900000, 0x0000000093900000|100%|HC|  |TAMS 0x0000000093800000, 0x0000000093800000| Complete 
| 313|0x0000000093900000, 0x0000000093a00000, 0x0000000093a00000|100%|HC|  |TAMS 0x0000000093900000, 0x0000000093900000| Complete 
| 314|0x0000000093a00000, 0x0000000093b00000, 0x0000000093b00000|100%|HC|  |TAMS 0x0000000093a00000, 0x0000000093a00000| Complete 
| 315|0x0000000093b00000, 0x0000000093c00000, 0x0000000093c00000|100%|HC|  |TAMS 0x0000000093b00000, 0x0000000093b00000| Complete 
| 316|0x0000000093c00000, 0x0000000093d00000, 0x0000000093d00000|100%|HC|  |TAMS 0x0000000093c00000, 0x0000000093c00000| Complete 
| 317|0x0000000093d00000, 0x0000000093e00000, 0x0000000093e00000|100%|HC|  |TAMS 0x0000000093d00000, 0x0000000093d00000| Complete 
| 318|0x0000000093e00000, 0x0000000093f00000, 0x0000000093f00000|100%|HC|  |TAMS 0x0000000093e00000, 0x0000000093e00000| Complete 
| 319|0x0000000093f00000, 0x0000000094000000, 0x0000000094000000|100%|HC|  |TAMS 0x0000000093f00000, 0x0000000093f00000| Complete 
| 320|0x0000000094000000, 0x0000000094100000, 0x0000000094100000|100%|HC|  |TAMS 0x0000000094000000, 0x0000000094000000| Complete 
| 321|0x0000000094100000, 0x0000000094200000, 0x0000000094200000|100%|HC|  |TAMS 0x0000000094100000, 0x0000000094100000| Complete 
| 322|0x0000000094200000, 0x0000000094300000, 0x0000000094300000|100%|HC|  |TAMS 0x0000000094200000, 0x0000000094200000| Complete 
| 323|0x0000000094300000, 0x0000000094400000, 0x0000000094400000|100%|HC|  |TAMS 0x0000000094300000, 0x0000000094300000| Complete 
| 324|0x0000000094400000, 0x0000000094500000, 0x0000000094500000|100%|HC|  |TAMS 0x0000000094400000, 0x0000000094400000| Complete 
| 325|0x0000000094500000, 0x0000000094600000, 0x0000000094600000|100%|HC|  |TAMS 0x0000000094500000, 0x0000000094500000| Complete 
| 326|0x0000000094600000, 0x0000000094700000, 0x0000000094700000|100%|HC|  |TAMS 0x0000000094600000, 0x0000000094600000| Complete 
| 327|0x0000000094700000, 0x0000000094800000, 0x0000000094800000|100%|HC|  |TAMS 0x0000000094700000, 0x0000000094700000| Complete 
| 328|0x0000000094800000, 0x0000000094900000, 0x0000000094900000|100%|HS|  |TAMS 0x0000000094800000, 0x0000000094800000| Complete 
| 329|0x0000000094900000, 0x0000000094a00000, 0x0000000094a00000|100%|HC|  |TAMS 0x0000000094900000, 0x0000000094900000| Complete 
| 330|0x0000000094a00000, 0x0000000094b00000, 0x0000000094b00000|100%|HC|  |TAMS 0x0000000094a00000, 0x0000000094a00000| Complete 
| 331|0x0000000094b00000, 0x0000000094c00000, 0x0000000094c00000|100%|HC|  |TAMS 0x0000000094b00000, 0x0000000094b00000| Complete 
| 332|0x0000000094c00000, 0x0000000094d00000, 0x0000000094d00000|100%|HC|  |TAMS 0x0000000094c00000, 0x0000000094c00000| Complete 
| 333|0x0000000094d00000, 0x0000000094e00000, 0x0000000094e00000|100%|HS|  |TAMS 0x0000000094d00000, 0x0000000094d00000| Complete 
| 334|0x0000000094e00000, 0x0000000094f00000, 0x0000000094f00000|100%|HC|  |TAMS 0x0000000094e00000, 0x0000000094e00000| Complete 
| 335|0x0000000094f00000, 0x0000000095000000, 0x0000000095000000|100%|HC|  |TAMS 0x0000000094f00000, 0x0000000094f00000| Complete 
| 336|0x0000000095000000, 0x0000000095100000, 0x0000000095100000|100%|HC|  |TAMS 0x0000000095000000, 0x0000000095000000| Complete 
| 337|0x0000000095100000, 0x0000000095200000, 0x0000000095200000|100%|HS|  |TAMS 0x0000000095100000, 0x0000000095100000| Complete 
| 338|0x0000000095200000, 0x0000000095300000, 0x0000000095300000|100%|HC|  |TAMS 0x0000000095200000, 0x0000000095200000| Complete 
| 339|0x0000000095300000, 0x0000000095400000, 0x0000000095400000|100%|HC|  |TAMS 0x0000000095300000, 0x0000000095300000| Complete 
| 340|0x0000000095400000, 0x0000000095500000, 0x0000000095500000|100%|HC|  |TAMS 0x0000000095400000, 0x0000000095400000| Complete 
| 341|0x0000000095500000, 0x0000000095600000, 0x0000000095600000|100%|HC|  |TAMS 0x0000000095500000, 0x0000000095500000| Complete 
| 342|0x0000000095600000, 0x0000000095700000, 0x0000000095700000|100%|HC|  |TAMS 0x0000000095600000, 0x0000000095600000| Complete 
| 343|0x0000000095700000, 0x0000000095800000, 0x0000000095800000|100%|HC|  |TAMS 0x0000000095700000, 0x0000000095700000| Complete 
| 344|0x0000000095800000, 0x0000000095900000, 0x0000000095900000|100%|HC|  |TAMS 0x0000000095800000, 0x0000000095800000| Complete 
| 345|0x0000000095900000, 0x0000000095a00000, 0x0000000095a00000|100%|HC|  |TAMS 0x0000000095900000, 0x0000000095900000| Complete 
| 346|0x0000000095a00000, 0x0000000095b00000, 0x0000000095b00000|100%|HC|  |TAMS 0x0000000095a00000, 0x0000000095a00000| Complete 
| 347|0x0000000095b00000, 0x0000000095c00000, 0x0000000095c00000|100%|HC|  |TAMS 0x0000000095b00000, 0x0000000095b00000| Complete 
| 348|0x0000000095c00000, 0x0000000095d00000, 0x0000000095d00000|100%|HC|  |TAMS 0x0000000095c00000, 0x0000000095c00000| Complete 
| 349|0x0000000095d00000, 0x0000000095e00000, 0x0000000095e00000|100%|HC|  |TAMS 0x0000000095d00000, 0x0000000095d00000| Complete 
| 350|0x0000000095e00000, 0x0000000095f00000, 0x0000000095f00000|100%|HC|  |TAMS 0x0000000095e00000, 0x0000000095e00000| Complete 
| 351|0x0000000095f00000, 0x0000000096000000, 0x0000000096000000|100%|HC|  |TAMS 0x0000000095f00000, 0x0000000095f00000| Complete 
| 352|0x0000000096000000, 0x0000000096100000, 0x0000000096100000|100%|HC|  |TAMS 0x0000000096000000, 0x0000000096000000| Complete 
| 353|0x0000000096100000, 0x0000000096200000, 0x0000000096200000|100%|HC|  |TAMS 0x0000000096100000, 0x0000000096100000| Complete 
| 354|0x0000000096200000, 0x0000000096300000, 0x0000000096300000|100%|HC|  |TAMS 0x0000000096200000, 0x0000000096200000| Complete 
| 355|0x0000000096300000, 0x0000000096400000, 0x0000000096400000|100%|HC|  |TAMS 0x0000000096300000, 0x0000000096300000| Complete 
| 356|0x0000000096400000, 0x0000000096500000, 0x0000000096500000|100%|HC|  |TAMS 0x0000000096400000, 0x0000000096400000| Complete 
| 357|0x0000000096500000, 0x0000000096600000, 0x0000000096600000|100%|HC|  |TAMS 0x0000000096500000, 0x0000000096500000| Complete 
| 358|0x0000000096600000, 0x0000000096700000, 0x0000000096700000|100%|HC|  |TAMS 0x0000000096600000, 0x0000000096600000| Complete 
| 359|0x0000000096700000, 0x0000000096800000, 0x0000000096800000|100%|HC|  |TAMS 0x0000000096700000, 0x0000000096700000| Complete 
| 360|0x0000000096800000, 0x0000000096900000, 0x0000000096900000|100%|HC|  |TAMS 0x0000000096800000, 0x0000000096800000| Complete 
| 361|0x0000000096900000, 0x0000000096a00000, 0x0000000096a00000|100%|HC|  |TAMS 0x0000000096900000, 0x0000000096900000| Complete 
| 362|0x0000000096a00000, 0x0000000096b00000, 0x0000000096b00000|100%|HC|  |TAMS 0x0000000096a00000, 0x0000000096a00000| Complete 
| 363|0x0000000096b00000, 0x0000000096c00000, 0x0000000096c00000|100%|HC|  |TAMS 0x0000000096b00000, 0x0000000096b00000| Complete 
| 364|0x0000000096c00000, 0x0000000096d00000, 0x0000000096d00000|100%|HS|  |TAMS 0x0000000096c00000, 0x0000000096c00000| Complete 
| 365|0x0000000096d00000, 0x0000000096e00000, 0x0000000096e00000|100%|HC|  |TAMS 0x0000000096d00000, 0x0000000096d00000| Complete 
| 366|0x0000000096e00000, 0x0000000096f00000, 0x0000000096f00000|100%|HC|  |TAMS 0x0000000096e00000, 0x0000000096e00000| Complete 
| 367|0x0000000096f00000, 0x0000000097000000, 0x0000000097000000|100%|HC|  |TAMS 0x0000000096f00000, 0x0000000096f00000| Complete 
| 368|0x0000000097000000, 0x0000000097100000, 0x0000000097100000|100%|HC|  |TAMS 0x0000000097000000, 0x0000000097000000| Complete 
| 369|0x0000000097100000, 0x0000000097200000, 0x0000000097200000|100%|HC|  |TAMS 0x0000000097100000, 0x0000000097100000| Complete 
| 370|0x0000000097200000, 0x0000000097300000, 0x0000000097300000|100%|HC|  |TAMS 0x0000000097200000, 0x0000000097200000| Complete 
| 371|0x0000000097300000, 0x0000000097400000, 0x0000000097400000|100%|HC|  |TAMS 0x0000000097300000, 0x0000000097300000| Complete 
| 372|0x0000000097400000, 0x0000000097500000, 0x0000000097500000|100%|HC|  |TAMS 0x0000000097400000, 0x0000000097400000| Complete 
| 373|0x0000000097500000, 0x0000000097600000, 0x0000000097600000|100%|HC|  |TAMS 0x0000000097500000, 0x0000000097500000| Complete 
| 374|0x0000000097600000, 0x0000000097700000, 0x0000000097700000|100%|HS|  |TAMS 0x0000000097600000, 0x0000000097600000| Complete 
| 375|0x0000000097700000, 0x0000000097800000, 0x0000000097800000|100%|HC|  |TAMS 0x0000000097700000, 0x0000000097700000| Complete 
| 376|0x0000000097800000, 0x0000000097900000, 0x0000000097900000|100%|HC|  |TAMS 0x0000000097800000, 0x0000000097800000| Complete 
| 377|0x0000000097900000, 0x0000000097a00000, 0x0000000097a00000|100%|HC|  |TAMS 0x0000000097900000, 0x0000000097900000| Complete 
| 378|0x0000000097a00000, 0x0000000097b00000, 0x0000000097b00000|100%|HC|  |TAMS 0x0000000097a00000, 0x0000000097a00000| Complete 
| 379|0x0000000097b00000, 0x0000000097c00000, 0x0000000097c00000|100%|HC|  |TAMS 0x0000000097b00000, 0x0000000097b00000| Complete 
| 380|0x0000000097c00000, 0x0000000097d00000, 0x0000000097d00000|100%|HS|  |TAMS 0x0000000097c00000, 0x0000000097c00000| Complete 
| 381|0x0000000097d00000, 0x0000000097e00000, 0x0000000097e00000|100%|HC|  |TAMS 0x0000000097d00000, 0x0000000097d00000| Complete 
| 382|0x0000000097e00000, 0x0000000097f00000, 0x0000000097f00000|100%|HC|  |TAMS 0x0000000097e00000, 0x0000000097e00000| Complete 
| 383|0x0000000097f00000, 0x0000000098000000, 0x0000000098000000|100%|HC|  |TAMS 0x0000000097f00000, 0x0000000097f00000| Complete 
| 384|0x0000000098000000, 0x0000000098100000, 0x0000000098100000|100%|HC|  |TAMS 0x0000000098000000, 0x0000000098000000| Complete 
| 385|0x0000000098100000, 0x0000000098200000, 0x0000000098200000|100%|HC|  |TAMS 0x0000000098100000, 0x0000000098100000| Complete 
| 386|0x0000000098200000, 0x0000000098300000, 0x0000000098300000|100%|HC|  |TAMS 0x0000000098200000, 0x0000000098200000| Complete 
| 387|0x0000000098300000, 0x0000000098400000, 0x0000000098400000|100%|HC|  |TAMS 0x0000000098300000, 0x0000000098300000| Complete 
| 388|0x0000000098400000, 0x0000000098500000, 0x0000000098500000|100%|HC|  |TAMS 0x0000000098400000, 0x0000000098400000| Complete 
| 389|0x0000000098500000, 0x0000000098600000, 0x0000000098600000|100%|HC|  |TAMS 0x0000000098500000, 0x0000000098500000| Complete 
| 390|0x0000000098600000, 0x0000000098700000, 0x0000000098700000|100%|HC|  |TAMS 0x0000000098600000, 0x0000000098600000| Complete 
| 391|0x0000000098700000, 0x0000000098800000, 0x0000000098800000|100%|HC|  |TAMS 0x0000000098700000, 0x0000000098700000| Complete 
| 392|0x0000000098800000, 0x0000000098900000, 0x0000000098900000|100%|HC|  |TAMS 0x0000000098800000, 0x0000000098800000| Complete 
| 393|0x0000000098900000, 0x0000000098a00000, 0x0000000098a00000|100%|HC|  |TAMS 0x0000000098900000, 0x0000000098900000| Complete 
| 394|0x0000000098a00000, 0x0000000098b00000, 0x0000000098b00000|100%|HC|  |TAMS 0x0000000098a00000, 0x0000000098a00000| Complete 
| 395|0x0000000098b00000, 0x0000000098c00000, 0x0000000098c00000|100%|HC|  |TAMS 0x0000000098b00000, 0x0000000098b00000| Complete 
| 396|0x0000000098c00000, 0x0000000098d00000, 0x0000000098d00000|100%|HC|  |TAMS 0x0000000098c00000, 0x0000000098c00000| Complete 
| 397|0x0000000098d00000, 0x0000000098e00000, 0x0000000098e00000|100%|HC|  |TAMS 0x0000000098d00000, 0x0000000098d00000| Complete 
| 398|0x0000000098e00000, 0x0000000098f00000, 0x0000000098f00000|100%|HC|  |TAMS 0x0000000098e00000, 0x0000000098e00000| Complete 
| 399|0x0000000098f00000, 0x0000000099000000, 0x0000000099000000|100%|HC|  |TAMS 0x0000000098f00000, 0x0000000098f00000| Complete 
| 400|0x0000000099000000, 0x0000000099100000, 0x0000000099100000|100%|HC|  |TAMS 0x0000000099000000, 0x0000000099000000| Complete 
| 401|0x0000000099100000, 0x0000000099200000, 0x0000000099200000|100%|HC|  |TAMS 0x0000000099100000, 0x0000000099100000| Complete 
| 402|0x0000000099200000, 0x0000000099300000, 0x0000000099300000|100%|HC|  |TAMS 0x0000000099200000, 0x0000000099200000| Complete 
| 403|0x0000000099300000, 0x0000000099400000, 0x0000000099400000|100%|HC|  |TAMS 0x0000000099300000, 0x0000000099300000| Complete 
| 404|0x0000000099400000, 0x0000000099500000, 0x0000000099500000|100%|HC|  |TAMS 0x0000000099400000, 0x0000000099400000| Complete 
| 405|0x0000000099500000, 0x0000000099600000, 0x0000000099600000|100%|HC|  |TAMS 0x0000000099500000, 0x0000000099500000| Complete 
| 406|0x0000000099600000, 0x0000000099700000, 0x0000000099700000|100%|HC|  |TAMS 0x0000000099600000, 0x0000000099600000| Complete 
| 407|0x0000000099700000, 0x0000000099800000, 0x0000000099800000|100%|HC|  |TAMS 0x0000000099700000, 0x0000000099700000| Complete 
| 408|0x0000000099800000, 0x0000000099900000, 0x0000000099900000|100%|HC|  |TAMS 0x0000000099800000, 0x0000000099800000| Complete 
| 409|0x0000000099900000, 0x0000000099a00000, 0x0000000099a00000|100%|HS|  |TAMS 0x0000000099900000, 0x0000000099900000| Complete 
| 410|0x0000000099a00000, 0x0000000099b00000, 0x0000000099b00000|100%|HC|  |TAMS 0x0000000099a00000, 0x0000000099a00000| Complete 
| 411|0x0000000099b00000, 0x0000000099c00000, 0x0000000099c00000|100%|HC|  |TAMS 0x0000000099b00000, 0x0000000099b00000| Complete 
| 412|0x0000000099c00000, 0x0000000099d00000, 0x0000000099d00000|100%|HC|  |TAMS 0x0000000099c00000, 0x0000000099c00000| Complete 
| 413|0x0000000099d00000, 0x0000000099e00000, 0x0000000099e00000|100%|HC|  |TAMS 0x0000000099d00000, 0x0000000099d00000| Complete 
| 414|0x0000000099e00000, 0x0000000099f00000, 0x0000000099f00000|100%|HC|  |TAMS 0x0000000099e00000, 0x0000000099e00000| Complete 
| 415|0x0000000099f00000, 0x000000009a000000, 0x000000009a000000|100%|HC|  |TAMS 0x0000000099f00000, 0x0000000099f00000| Complete 
| 416|0x000000009a000000, 0x000000009a100000, 0x000000009a100000|100%|HC|  |TAMS 0x000000009a000000, 0x000000009a000000| Complete 
| 417|0x000000009a100000, 0x000000009a200000, 0x000000009a200000|100%|HC|  |TAMS 0x000000009a100000, 0x000000009a100000| Complete 
| 418|0x000000009a200000, 0x000000009a300000, 0x000000009a300000|100%|HC|  |TAMS 0x000000009a200000, 0x000000009a200000| Complete 
| 419|0x000000009a300000, 0x000000009a300000, 0x000000009a400000|  0%| F|  |TAMS 0x000000009a300000, 0x000000009a300000| Untracked 
| 420|0x000000009a400000, 0x000000009a400000, 0x000000009a500000|  0%| F|  |TAMS 0x000000009a400000, 0x000000009a400000| Untracked 
| 421|0x000000009a500000, 0x000000009a500000, 0x000000009a600000|  0%| F|  |TAMS 0x000000009a500000, 0x000000009a500000| Untracked 
| 422|0x000000009a600000, 0x000000009a600000, 0x000000009a700000|  0%| F|  |TAMS 0x000000009a600000, 0x000000009a600000| Untracked 
| 423|0x000000009a700000, 0x000000009a700000, 0x000000009a800000|  0%| F|  |TAMS 0x000000009a700000, 0x000000009a700000| Untracked 
| 424|0x000000009a800000, 0x000000009a800000, 0x000000009a900000|  0%| F|  |TAMS 0x000000009a800000, 0x000000009a800000| Untracked 
| 425|0x000000009a900000, 0x000000009a900000, 0x000000009aa00000|  0%| F|  |TAMS 0x000000009a900000, 0x000000009a900000| Untracked 
| 426|0x000000009aa00000, 0x000000009aa00000, 0x000000009ab00000|  0%| F|  |TAMS 0x000000009aa00000, 0x000000009aa00000| Untracked 
| 427|0x000000009ab00000, 0x000000009ab00000, 0x000000009ac00000|  0%| F|  |TAMS 0x000000009ab00000, 0x000000009ab00000| Untracked 
| 428|0x000000009ac00000, 0x000000009ac00000, 0x000000009ad00000|  0%| F|  |TAMS 0x000000009ac00000, 0x000000009ac00000| Untracked 
| 429|0x000000009ad00000, 0x000000009ad00000, 0x000000009ae00000|  0%| F|  |TAMS 0x000000009ad00000, 0x000000009ad00000| Untracked 
| 430|0x000000009ae00000, 0x000000009ae00000, 0x000000009af00000|  0%| F|  |TAMS 0x000000009ae00000, 0x000000009ae00000| Untracked 
| 431|0x000000009af00000, 0x000000009af00000, 0x000000009b000000|  0%| F|  |TAMS 0x000000009af00000, 0x000000009af00000| Untracked 
| 432|0x000000009b000000, 0x000000009b000000, 0x000000009b100000|  0%| F|  |TAMS 0x000000009b000000, 0x000000009b000000| Untracked 
| 433|0x000000009b100000, 0x000000009b100000, 0x000000009b200000|  0%| F|  |TAMS 0x000000009b100000, 0x000000009b100000| Untracked 
| 434|0x000000009b200000, 0x000000009b200000, 0x000000009b300000|  0%| F|  |TAMS 0x000000009b200000, 0x000000009b200000| Untracked 
| 435|0x000000009b300000, 0x000000009b300000, 0x000000009b400000|  0%| F|  |TAMS 0x000000009b300000, 0x000000009b300000| Untracked 
| 436|0x000000009b400000, 0x000000009b400000, 0x000000009b500000|  0%| F|  |TAMS 0x000000009b400000, 0x000000009b400000| Untracked 
| 437|0x000000009b500000, 0x000000009b500000, 0x000000009b600000|  0%| F|  |TAMS 0x000000009b500000, 0x000000009b500000| Untracked 
| 438|0x000000009b600000, 0x000000009b600000, 0x000000009b700000|  0%| F|  |TAMS 0x000000009b600000, 0x000000009b600000| Untracked 
| 439|0x000000009b700000, 0x000000009b700000, 0x000000009b800000|  0%| F|  |TAMS 0x000000009b700000, 0x000000009b700000| Untracked 
| 440|0x000000009b800000, 0x000000009b800000, 0x000000009b900000|  0%| F|  |TAMS 0x000000009b800000, 0x000000009b800000| Untracked 
| 441|0x000000009b900000, 0x000000009b900000, 0x000000009ba00000|  0%| F|  |TAMS 0x000000009b900000, 0x000000009b900000| Untracked 
| 442|0x000000009ba00000, 0x000000009ba00000, 0x000000009bb00000|  0%| F|  |TAMS 0x000000009ba00000, 0x000000009ba00000| Untracked 
| 443|0x000000009bb00000, 0x000000009bb00000, 0x000000009bc00000|  0%| F|  |TAMS 0x000000009bb00000, 0x000000009bb00000| Untracked 
| 444|0x000000009bc00000, 0x000000009bc00000, 0x000000009bd00000|  0%| F|  |TAMS 0x000000009bc00000, 0x000000009bc00000| Untracked 
| 445|0x000000009bd00000, 0x000000009bd00000, 0x000000009be00000|  0%| F|  |TAMS 0x000000009bd00000, 0x000000009bd00000| Untracked 
| 446|0x000000009be00000, 0x000000009be00000, 0x000000009bf00000|  0%| F|  |TAMS 0x000000009be00000, 0x000000009be00000| Untracked 
| 447|0x000000009bf00000, 0x000000009bf00000, 0x000000009c000000|  0%| F|  |TAMS 0x000000009bf00000, 0x000000009bf00000| Untracked 
| 448|0x000000009c000000, 0x000000009c000000, 0x000000009c100000|  0%| F|  |TAMS 0x000000009c000000, 0x000000009c000000| Untracked 
| 449|0x000000009c100000, 0x000000009c100000, 0x000000009c200000|  0%| F|  |TAMS 0x000000009c100000, 0x000000009c100000| Untracked 
| 450|0x000000009c200000, 0x000000009c200000, 0x000000009c300000|  0%| F|  |TAMS 0x000000009c200000, 0x000000009c200000| Untracked 
| 451|0x000000009c300000, 0x000000009c300000, 0x000000009c400000|  0%| F|  |TAMS 0x000000009c300000, 0x000000009c300000| Untracked 
| 452|0x000000009c400000, 0x000000009c500000, 0x000000009c500000|100%|HS|  |TAMS 0x000000009c500000, 0x000000009c500000| Complete 
| 453|0x000000009c500000, 0x000000009c600000, 0x000000009c600000|100%|HC|  |TAMS 0x000000009c600000, 0x000000009c600000| Complete 
| 454|0x000000009c600000, 0x000000009c600000, 0x000000009c700000|  0%| F|  |TAMS 0x000000009c600000, 0x000000009c600000| Untracked 
| 455|0x000000009c700000, 0x000000009c700000, 0x000000009c800000|  0%| F|  |TAMS 0x000000009c700000, 0x000000009c700000| Untracked 
| 456|0x000000009c800000, 0x000000009c800000, 0x000000009c900000|  0%| F|  |TAMS 0x000000009c800000, 0x000000009c800000| Untracked 
| 457|0x000000009c900000, 0x000000009c900000, 0x000000009ca00000|  0%| F|  |TAMS 0x000000009c900000, 0x000000009c900000| Untracked 
| 458|0x000000009ca00000, 0x000000009ca00000, 0x000000009cb00000|  0%| F|  |TAMS 0x000000009ca00000, 0x000000009ca00000| Untracked 
| 459|0x000000009cb00000, 0x000000009cb00000, 0x000000009cc00000|  0%| F|  |TAMS 0x000000009cb00000, 0x000000009cb00000| Untracked 
| 460|0x000000009cc00000, 0x000000009cc00000, 0x000000009cd00000|  0%| F|  |TAMS 0x000000009cc00000, 0x000000009cc00000| Untracked 
| 461|0x000000009cd00000, 0x000000009cd00000, 0x000000009ce00000|  0%| F|  |TAMS 0x000000009cd00000, 0x000000009cd00000| Untracked 
| 462|0x000000009ce00000, 0x000000009ce00000, 0x000000009cf00000|  0%| F|  |TAMS 0x000000009ce00000, 0x000000009ce00000| Untracked 
| 463|0x000000009cf00000, 0x000000009cf00000, 0x000000009d000000|  0%| F|  |TAMS 0x000000009cf00000, 0x000000009cf00000| Untracked 
| 464|0x000000009d000000, 0x000000009d000000, 0x000000009d100000|  0%| F|  |TAMS 0x000000009d000000, 0x000000009d000000| Untracked 
| 465|0x000000009d100000, 0x000000009d100000, 0x000000009d200000|  0%| F|  |TAMS 0x000000009d100000, 0x000000009d100000| Untracked 
| 466|0x000000009d200000, 0x000000009d200000, 0x000000009d300000|  0%| F|  |TAMS 0x000000009d200000, 0x000000009d200000| Untracked 
| 467|0x000000009d300000, 0x000000009d300000, 0x000000009d400000|  0%| F|  |TAMS 0x000000009d300000, 0x000000009d300000| Untracked 
| 468|0x000000009d400000, 0x000000009d400000, 0x000000009d500000|  0%| F|  |TAMS 0x000000009d400000, 0x000000009d400000| Untracked 
| 469|0x000000009d500000, 0x000000009d500000, 0x000000009d600000|  0%| F|  |TAMS 0x000000009d500000, 0x000000009d500000| Untracked 
| 470|0x000000009d600000, 0x000000009d600000, 0x000000009d700000|  0%| F|  |TAMS 0x000000009d600000, 0x000000009d600000| Untracked 
| 471|0x000000009d700000, 0x000000009d700000, 0x000000009d800000|  0%| F|  |TAMS 0x000000009d700000, 0x000000009d700000| Untracked 
| 472|0x000000009d800000, 0x000000009d800000, 0x000000009d900000|  0%| F|  |TAMS 0x000000009d800000, 0x000000009d800000| Untracked 
| 473|0x000000009d900000, 0x000000009d900000, 0x000000009da00000|  0%| F|  |TAMS 0x000000009d900000, 0x000000009d900000| Untracked 
| 474|0x000000009da00000, 0x000000009da00000, 0x000000009db00000|  0%| F|  |TAMS 0x000000009da00000, 0x000000009da00000| Untracked 
| 475|0x000000009db00000, 0x000000009db00000, 0x000000009dc00000|  0%| F|  |TAMS 0x000000009db00000, 0x000000009db00000| Untracked 
| 476|0x000000009dc00000, 0x000000009dc00000, 0x000000009dd00000|  0%| F|  |TAMS 0x000000009dc00000, 0x000000009dc00000| Untracked 
| 477|0x000000009dd00000, 0x000000009dd00000, 0x000000009de00000|  0%| F|  |TAMS 0x000000009dd00000, 0x000000009dd00000| Untracked 
| 478|0x000000009de00000, 0x000000009de00000, 0x000000009df00000|  0%| F|  |TAMS 0x000000009de00000, 0x000000009de00000| Untracked 
| 479|0x000000009df00000, 0x000000009df00000, 0x000000009e000000|  0%| F|  |TAMS 0x000000009df00000, 0x000000009df00000| Untracked 
| 480|0x000000009e000000, 0x000000009e000000, 0x000000009e100000|  0%| F|  |TAMS 0x000000009e000000, 0x000000009e000000| Untracked 
| 481|0x000000009e100000, 0x000000009e100000, 0x000000009e200000|  0%| F|  |TAMS 0x000000009e100000, 0x000000009e100000| Untracked 
| 482|0x000000009e200000, 0x000000009e200000, 0x000000009e300000|  0%| F|  |TAMS 0x000000009e200000, 0x000000009e200000| Untracked 
| 483|0x000000009e300000, 0x000000009e300000, 0x000000009e400000|  0%| F|  |TAMS 0x000000009e300000, 0x000000009e300000| Untracked 
| 484|0x000000009e400000, 0x000000009e400000, 0x000000009e500000|  0%| F|  |TAMS 0x000000009e400000, 0x000000009e400000| Untracked 
| 485|0x000000009e500000, 0x000000009e500000, 0x000000009e600000|  0%| F|  |TAMS 0x000000009e500000, 0x000000009e500000| Untracked 
| 486|0x000000009e600000, 0x000000009e600000, 0x000000009e700000|  0%| F|  |TAMS 0x000000009e600000, 0x000000009e600000| Untracked 
| 487|0x000000009e700000, 0x000000009e700000, 0x000000009e800000|  0%| F|  |TAMS 0x000000009e700000, 0x000000009e700000| Untracked 
| 488|0x000000009e800000, 0x000000009e800000, 0x000000009e900000|  0%| F|  |TAMS 0x000000009e800000, 0x000000009e800000| Untracked 
| 489|0x000000009e900000, 0x000000009e900000, 0x000000009ea00000|  0%| F|  |TAMS 0x000000009e900000, 0x000000009e900000| Untracked 
| 490|0x000000009ea00000, 0x000000009ea00000, 0x000000009eb00000|  0%| F|  |TAMS 0x000000009ea00000, 0x000000009ea00000| Untracked 
| 491|0x000000009eb00000, 0x000000009eb00000, 0x000000009ec00000|  0%| F|  |TAMS 0x000000009eb00000, 0x000000009eb00000| Untracked 
| 492|0x000000009ec00000, 0x000000009ec00000, 0x000000009ed00000|  0%| F|  |TAMS 0x000000009ec00000, 0x000000009ec00000| Untracked 
| 493|0x000000009ed00000, 0x000000009ed00000, 0x000000009ee00000|  0%| F|  |TAMS 0x000000009ed00000, 0x000000009ed00000| Untracked 
| 494|0x000000009ee00000, 0x000000009ee00000, 0x000000009ef00000|  0%| F|  |TAMS 0x000000009ee00000, 0x000000009ee00000| Untracked 
| 495|0x000000009ef00000, 0x000000009ef00000, 0x000000009f000000|  0%| F|  |TAMS 0x000000009ef00000, 0x000000009ef00000| Untracked 
| 496|0x000000009f000000, 0x000000009f000000, 0x000000009f100000|  0%| F|  |TAMS 0x000000009f000000, 0x000000009f000000| Untracked 
| 497|0x000000009f100000, 0x000000009f100000, 0x000000009f200000|  0%| F|  |TAMS 0x000000009f100000, 0x000000009f100000| Untracked 
| 498|0x000000009f200000, 0x000000009f200000, 0x000000009f300000|  0%| F|  |TAMS 0x000000009f200000, 0x000000009f200000| Untracked 
| 499|0x000000009f300000, 0x000000009f300000, 0x000000009f400000|  0%| F|  |TAMS 0x000000009f300000, 0x000000009f300000| Untracked 
| 500|0x000000009f400000, 0x000000009f400000, 0x000000009f500000|  0%| F|  |TAMS 0x000000009f400000, 0x000000009f400000| Untracked 
| 501|0x000000009f500000, 0x000000009f500000, 0x000000009f600000|  0%| F|  |TAMS 0x000000009f500000, 0x000000009f500000| Untracked 
| 502|0x000000009f600000, 0x000000009f600000, 0x000000009f700000|  0%| F|  |TAMS 0x000000009f600000, 0x000000009f600000| Untracked 
| 503|0x000000009f700000, 0x000000009f700000, 0x000000009f800000|  0%| F|  |TAMS 0x000000009f700000, 0x000000009f700000| Untracked 
| 504|0x000000009f800000, 0x000000009f800000, 0x000000009f900000|  0%| F|  |TAMS 0x000000009f800000, 0x000000009f800000| Untracked 
| 505|0x000000009f900000, 0x000000009f900000, 0x000000009fa00000|  0%| F|  |TAMS 0x000000009f900000, 0x000000009f900000| Untracked 
| 506|0x000000009fa00000, 0x000000009fa00000, 0x000000009fb00000|  0%| F|  |TAMS 0x000000009fa00000, 0x000000009fa00000| Untracked 
| 507|0x000000009fb00000, 0x000000009fb00000, 0x000000009fc00000|  0%| F|  |TAMS 0x000000009fb00000, 0x000000009fb00000| Untracked 
| 508|0x000000009fc00000, 0x000000009fc00000, 0x000000009fd00000|  0%| F|  |TAMS 0x000000009fc00000, 0x000000009fc00000| Untracked 
| 509|0x000000009fd00000, 0x000000009fd00000, 0x000000009fe00000|  0%| F|  |TAMS 0x000000009fd00000, 0x000000009fd00000| Untracked 
| 510|0x000000009fe00000, 0x000000009fe00000, 0x000000009ff00000|  0%| F|  |TAMS 0x000000009fe00000, 0x000000009fe00000| Untracked 
| 511|0x000000009ff00000, 0x000000009ff00000, 0x00000000a0000000|  0%| F|  |TAMS 0x000000009ff00000, 0x000000009ff00000| Untracked 
| 512|0x00000000a0000000, 0x00000000a0000000, 0x00000000a0100000|  0%| F|  |TAMS 0x00000000a0000000, 0x00000000a0000000| Untracked 
| 513|0x00000000a0100000, 0x00000000a0100000, 0x00000000a0200000|  0%| F|  |TAMS 0x00000000a0100000, 0x00000000a0100000| Untracked 
| 514|0x00000000a0200000, 0x00000000a0200000, 0x00000000a0300000|  0%| F|  |TAMS 0x00000000a0200000, 0x00000000a0200000| Untracked 
| 515|0x00000000a0300000, 0x00000000a0300000, 0x00000000a0400000|  0%| F|  |TAMS 0x00000000a0300000, 0x00000000a0300000| Untracked 
| 516|0x00000000a0400000, 0x00000000a0400000, 0x00000000a0500000|  0%| F|  |TAMS 0x00000000a0400000, 0x00000000a0400000| Untracked 
| 517|0x00000000a0500000, 0x00000000a0500000, 0x00000000a0600000|  0%| F|  |TAMS 0x00000000a0500000, 0x00000000a0500000| Untracked 
| 518|0x00000000a0600000, 0x00000000a0600000, 0x00000000a0700000|  0%| F|  |TAMS 0x00000000a0600000, 0x00000000a0600000| Untracked 
| 519|0x00000000a0700000, 0x00000000a0700000, 0x00000000a0800000|  0%| F|  |TAMS 0x00000000a0700000, 0x00000000a0700000| Untracked 
| 520|0x00000000a0800000, 0x00000000a0800000, 0x00000000a0900000|  0%| F|  |TAMS 0x00000000a0800000, 0x00000000a0800000| Untracked 
| 521|0x00000000a0900000, 0x00000000a0900000, 0x00000000a0a00000|  0%| F|  |TAMS 0x00000000a0900000, 0x00000000a0900000| Untracked 
| 522|0x00000000a0a00000, 0x00000000a0a00000, 0x00000000a0b00000|  0%| F|  |TAMS 0x00000000a0a00000, 0x00000000a0a00000| Untracked 
| 523|0x00000000a0b00000, 0x00000000a0b00000, 0x00000000a0c00000|  0%| F|  |TAMS 0x00000000a0b00000, 0x00000000a0b00000| Untracked 
| 524|0x00000000a0c00000, 0x00000000a0c00000, 0x00000000a0d00000|  0%| F|  |TAMS 0x00000000a0c00000, 0x00000000a0c00000| Untracked 
| 525|0x00000000a0d00000, 0x00000000a0d00000, 0x00000000a0e00000|  0%| F|  |TAMS 0x00000000a0d00000, 0x00000000a0d00000| Untracked 
| 526|0x00000000a0e00000, 0x00000000a0e00000, 0x00000000a0f00000|  0%| F|  |TAMS 0x00000000a0e00000, 0x00000000a0e00000| Untracked 
| 527|0x00000000a0f00000, 0x00000000a0f00000, 0x00000000a1000000|  0%| F|  |TAMS 0x00000000a0f00000, 0x00000000a0f00000| Untracked 
| 528|0x00000000a1000000, 0x00000000a1000000, 0x00000000a1100000|  0%| F|  |TAMS 0x00000000a1000000, 0x00000000a1000000| Untracked 
| 529|0x00000000a1100000, 0x00000000a1100000, 0x00000000a1200000|  0%| F|  |TAMS 0x00000000a1100000, 0x00000000a1100000| Untracked 
| 530|0x00000000a1200000, 0x00000000a1200000, 0x00000000a1300000|  0%| F|  |TAMS 0x00000000a1200000, 0x00000000a1200000| Untracked 
| 531|0x00000000a1300000, 0x00000000a1300000, 0x00000000a1400000|  0%| F|  |TAMS 0x00000000a1300000, 0x00000000a1300000| Untracked 
| 532|0x00000000a1400000, 0x00000000a1400000, 0x00000000a1500000|  0%| F|  |TAMS 0x00000000a1400000, 0x00000000a1400000| Untracked 
| 533|0x00000000a1500000, 0x00000000a1500000, 0x00000000a1600000|  0%| F|  |TAMS 0x00000000a1500000, 0x00000000a1500000| Untracked 
| 534|0x00000000a1600000, 0x00000000a1600000, 0x00000000a1700000|  0%| F|  |TAMS 0x00000000a1600000, 0x00000000a1600000| Untracked 
| 535|0x00000000a1700000, 0x00000000a1700000, 0x00000000a1800000|  0%| F|  |TAMS 0x00000000a1700000, 0x00000000a1700000| Untracked 
| 536|0x00000000a1800000, 0x00000000a1800000, 0x00000000a1900000|  0%| F|  |TAMS 0x00000000a1800000, 0x00000000a1800000| Untracked 
| 537|0x00000000a1900000, 0x00000000a1900000, 0x00000000a1a00000|  0%| F|  |TAMS 0x00000000a1900000, 0x00000000a1900000| Untracked 
| 538|0x00000000a1a00000, 0x00000000a1a00000, 0x00000000a1b00000|  0%| F|  |TAMS 0x00000000a1a00000, 0x00000000a1a00000| Untracked 
| 539|0x00000000a1b00000, 0x00000000a1b00000, 0x00000000a1c00000|  0%| F|  |TAMS 0x00000000a1b00000, 0x00000000a1b00000| Untracked 
| 540|0x00000000a1c00000, 0x00000000a1c00000, 0x00000000a1d00000|  0%| F|  |TAMS 0x00000000a1c00000, 0x00000000a1c00000| Untracked 
| 541|0x00000000a1d00000, 0x00000000a1d00000, 0x00000000a1e00000|  0%| F|  |TAMS 0x00000000a1d00000, 0x00000000a1d00000| Untracked 
| 542|0x00000000a1e00000, 0x00000000a1e00000, 0x00000000a1f00000|  0%| F|  |TAMS 0x00000000a1e00000, 0x00000000a1e00000| Untracked 
| 543|0x00000000a1f00000, 0x00000000a1f00000, 0x00000000a2000000|  0%| F|  |TAMS 0x00000000a1f00000, 0x00000000a1f00000| Untracked 
| 544|0x00000000a2000000, 0x00000000a2000000, 0x00000000a2100000|  0%| F|  |TAMS 0x00000000a2000000, 0x00000000a2000000| Untracked 
| 545|0x00000000a2100000, 0x00000000a2100000, 0x00000000a2200000|  0%| F|  |TAMS 0x00000000a2100000, 0x00000000a2100000| Untracked 
| 546|0x00000000a2200000, 0x00000000a2200000, 0x00000000a2300000|  0%| F|  |TAMS 0x00000000a2200000, 0x00000000a2200000| Untracked 
| 547|0x00000000a2300000, 0x00000000a2300000, 0x00000000a2400000|  0%| F|  |TAMS 0x00000000a2300000, 0x00000000a2300000| Untracked 
| 548|0x00000000a2400000, 0x00000000a2400000, 0x00000000a2500000|  0%| F|  |TAMS 0x00000000a2400000, 0x00000000a2400000| Untracked 
| 549|0x00000000a2500000, 0x00000000a2500000, 0x00000000a2600000|  0%| F|  |TAMS 0x00000000a2500000, 0x00000000a2500000| Untracked 
| 550|0x00000000a2600000, 0x00000000a2600000, 0x00000000a2700000|  0%| F|  |TAMS 0x00000000a2600000, 0x00000000a2600000| Untracked 
| 551|0x00000000a2700000, 0x00000000a2700000, 0x00000000a2800000|  0%| F|  |TAMS 0x00000000a2700000, 0x00000000a2700000| Untracked 
| 552|0x00000000a2800000, 0x00000000a2800000, 0x00000000a2900000|  0%| F|  |TAMS 0x00000000a2800000, 0x00000000a2800000| Untracked 
| 553|0x00000000a2900000, 0x00000000a2900000, 0x00000000a2a00000|  0%| F|  |TAMS 0x00000000a2900000, 0x00000000a2900000| Untracked 
| 554|0x00000000a2a00000, 0x00000000a2a00000, 0x00000000a2b00000|  0%| F|  |TAMS 0x00000000a2a00000, 0x00000000a2a00000| Untracked 
| 555|0x00000000a2b00000, 0x00000000a2b00000, 0x00000000a2c00000|  0%| F|  |TAMS 0x00000000a2b00000, 0x00000000a2b00000| Untracked 
| 556|0x00000000a2c00000, 0x00000000a2c00000, 0x00000000a2d00000|  0%| F|  |TAMS 0x00000000a2c00000, 0x00000000a2c00000| Untracked 
| 557|0x00000000a2d00000, 0x00000000a2d00000, 0x00000000a2e00000|  0%| F|  |TAMS 0x00000000a2d00000, 0x00000000a2d00000| Untracked 
| 558|0x00000000a2e00000, 0x00000000a2e00000, 0x00000000a2f00000|  0%| F|  |TAMS 0x00000000a2e00000, 0x00000000a2e00000| Untracked 
| 559|0x00000000a2f00000, 0x00000000a2f00000, 0x00000000a3000000|  0%| F|  |TAMS 0x00000000a2f00000, 0x00000000a2f00000| Untracked 
| 560|0x00000000a3000000, 0x00000000a3000000, 0x00000000a3100000|  0%| F|  |TAMS 0x00000000a3000000, 0x00000000a3000000| Untracked 
| 561|0x00000000a3100000, 0x00000000a3100000, 0x00000000a3200000|  0%| F|  |TAMS 0x00000000a3100000, 0x00000000a3100000| Untracked 
| 562|0x00000000a3200000, 0x00000000a3200000, 0x00000000a3300000|  0%| F|  |TAMS 0x00000000a3200000, 0x00000000a3200000| Untracked 
| 563|0x00000000a3300000, 0x00000000a3300000, 0x00000000a3400000|  0%| F|  |TAMS 0x00000000a3300000, 0x00000000a3300000| Untracked 
| 564|0x00000000a3400000, 0x00000000a3400000, 0x00000000a3500000|  0%| F|  |TAMS 0x00000000a3400000, 0x00000000a3400000| Untracked 
| 565|0x00000000a3500000, 0x00000000a3500000, 0x00000000a3600000|  0%| F|  |TAMS 0x00000000a3500000, 0x00000000a3500000| Untracked 
| 566|0x00000000a3600000, 0x00000000a3600000, 0x00000000a3700000|  0%| F|  |TAMS 0x00000000a3600000, 0x00000000a3600000| Untracked 
| 567|0x00000000a3700000, 0x00000000a3700000, 0x00000000a3800000|  0%| F|  |TAMS 0x00000000a3700000, 0x00000000a3700000| Untracked 
| 568|0x00000000a3800000, 0x00000000a3800000, 0x00000000a3900000|  0%| F|  |TAMS 0x00000000a3800000, 0x00000000a3800000| Untracked 
| 569|0x00000000a3900000, 0x00000000a3900000, 0x00000000a3a00000|  0%| F|  |TAMS 0x00000000a3900000, 0x00000000a3900000| Untracked 
| 570|0x00000000a3a00000, 0x00000000a3a00000, 0x00000000a3b00000|  0%| F|  |TAMS 0x00000000a3a00000, 0x00000000a3a00000| Untracked 
| 571|0x00000000a3b00000, 0x00000000a3b00000, 0x00000000a3c00000|  0%| F|  |TAMS 0x00000000a3b00000, 0x00000000a3b00000| Untracked 
| 572|0x00000000a3c00000, 0x00000000a3c00000, 0x00000000a3d00000|  0%| F|  |TAMS 0x00000000a3c00000, 0x00000000a3c00000| Untracked 
| 573|0x00000000a3d00000, 0x00000000a3d00000, 0x00000000a3e00000|  0%| F|  |TAMS 0x00000000a3d00000, 0x00000000a3d00000| Untracked 
| 574|0x00000000a3e00000, 0x00000000a3e00000, 0x00000000a3f00000|  0%| F|  |TAMS 0x00000000a3e00000, 0x00000000a3e00000| Untracked 
| 575|0x00000000a3f00000, 0x00000000a3f00000, 0x00000000a4000000|  0%| F|  |TAMS 0x00000000a3f00000, 0x00000000a3f00000| Untracked 
| 576|0x00000000a4000000, 0x00000000a4000000, 0x00000000a4100000|  0%| F|  |TAMS 0x00000000a4000000, 0x00000000a4000000| Untracked 
| 577|0x00000000a4100000, 0x00000000a4100000, 0x00000000a4200000|  0%| F|  |TAMS 0x00000000a4100000, 0x00000000a4100000| Untracked 
| 578|0x00000000a4200000, 0x00000000a4200000, 0x00000000a4300000|  0%| F|  |TAMS 0x00000000a4200000, 0x00000000a4200000| Untracked 
| 579|0x00000000a4300000, 0x00000000a4300000, 0x00000000a4400000|  0%| F|  |TAMS 0x00000000a4300000, 0x00000000a4300000| Untracked 
| 580|0x00000000a4400000, 0x00000000a4400000, 0x00000000a4500000|  0%| F|  |TAMS 0x00000000a4400000, 0x00000000a4400000| Untracked 
| 581|0x00000000a4500000, 0x00000000a4500000, 0x00000000a4600000|  0%| F|  |TAMS 0x00000000a4500000, 0x00000000a4500000| Untracked 
| 582|0x00000000a4600000, 0x00000000a4600000, 0x00000000a4700000|  0%| F|  |TAMS 0x00000000a4600000, 0x00000000a4600000| Untracked 
| 583|0x00000000a4700000, 0x00000000a4700000, 0x00000000a4800000|  0%| F|  |TAMS 0x00000000a4700000, 0x00000000a4700000| Untracked 
| 584|0x00000000a4800000, 0x00000000a4800000, 0x00000000a4900000|  0%| F|  |TAMS 0x00000000a4800000, 0x00000000a4800000| Untracked 
| 585|0x00000000a4900000, 0x00000000a4900000, 0x00000000a4a00000|  0%| F|  |TAMS 0x00000000a4900000, 0x00000000a4900000| Untracked 
| 586|0x00000000a4a00000, 0x00000000a4a00000, 0x00000000a4b00000|  0%| F|  |TAMS 0x00000000a4a00000, 0x00000000a4a00000| Untracked 
| 587|0x00000000a4b00000, 0x00000000a4b00000, 0x00000000a4c00000|  0%| F|  |TAMS 0x00000000a4b00000, 0x00000000a4b00000| Untracked 
| 588|0x00000000a4c00000, 0x00000000a4c00000, 0x00000000a4d00000|  0%| F|  |TAMS 0x00000000a4c00000, 0x00000000a4c00000| Untracked 
| 589|0x00000000a4d00000, 0x00000000a4d00000, 0x00000000a4e00000|  0%| F|  |TAMS 0x00000000a4d00000, 0x00000000a4d00000| Untracked 
| 590|0x00000000a4e00000, 0x00000000a4e00000, 0x00000000a4f00000|  0%| F|  |TAMS 0x00000000a4e00000, 0x00000000a4e00000| Untracked 
| 591|0x00000000a4f00000, 0x00000000a4f00000, 0x00000000a5000000|  0%| F|  |TAMS 0x00000000a4f00000, 0x00000000a4f00000| Untracked 
| 592|0x00000000a5000000, 0x00000000a5000000, 0x00000000a5100000|  0%| F|  |TAMS 0x00000000a5000000, 0x00000000a5000000| Untracked 
| 593|0x00000000a5100000, 0x00000000a5100000, 0x00000000a5200000|  0%| F|  |TAMS 0x00000000a5100000, 0x00000000a5100000| Untracked 
| 594|0x00000000a5200000, 0x00000000a5200000, 0x00000000a5300000|  0%| F|  |TAMS 0x00000000a5200000, 0x00000000a5200000| Untracked 
| 595|0x00000000a5300000, 0x00000000a5300000, 0x00000000a5400000|  0%| F|  |TAMS 0x00000000a5300000, 0x00000000a5300000| Untracked 
| 596|0x00000000a5400000, 0x00000000a5400000, 0x00000000a5500000|  0%| F|  |TAMS 0x00000000a5400000, 0x00000000a5400000| Untracked 
| 597|0x00000000a5500000, 0x00000000a5500000, 0x00000000a5600000|  0%| F|  |TAMS 0x00000000a5500000, 0x00000000a5500000| Untracked 
| 598|0x00000000a5600000, 0x00000000a5600000, 0x00000000a5700000|  0%| F|  |TAMS 0x00000000a5600000, 0x00000000a5600000| Untracked 
| 599|0x00000000a5700000, 0x00000000a5700000, 0x00000000a5800000|  0%| F|  |TAMS 0x00000000a5700000, 0x00000000a5700000| Untracked 
| 600|0x00000000a5800000, 0x00000000a5800000, 0x00000000a5900000|  0%| F|  |TAMS 0x00000000a5800000, 0x00000000a5800000| Untracked 
| 601|0x00000000a5900000, 0x00000000a5900000, 0x00000000a5a00000|  0%| F|  |TAMS 0x00000000a5900000, 0x00000000a5900000| Untracked 
| 602|0x00000000a5a00000, 0x00000000a5a00000, 0x00000000a5b00000|  0%| F|  |TAMS 0x00000000a5a00000, 0x00000000a5a00000| Untracked 
| 603|0x00000000a5b00000, 0x00000000a5b00000, 0x00000000a5c00000|  0%| F|  |TAMS 0x00000000a5b00000, 0x00000000a5b00000| Untracked 
| 604|0x00000000a5c00000, 0x00000000a5c00000, 0x00000000a5d00000|  0%| F|  |TAMS 0x00000000a5c00000, 0x00000000a5c00000| Untracked 
| 605|0x00000000a5d00000, 0x00000000a5d00000, 0x00000000a5e00000|  0%| F|  |TAMS 0x00000000a5d00000, 0x00000000a5d00000| Untracked 
| 606|0x00000000a5e00000, 0x00000000a5e00000, 0x00000000a5f00000|  0%| F|  |TAMS 0x00000000a5e00000, 0x00000000a5e00000| Untracked 
| 607|0x00000000a5f00000, 0x00000000a5f00000, 0x00000000a6000000|  0%| F|  |TAMS 0x00000000a5f00000, 0x00000000a5f00000| Untracked 
| 608|0x00000000a6000000, 0x00000000a6000000, 0x00000000a6100000|  0%| F|  |TAMS 0x00000000a6000000, 0x00000000a6000000| Untracked 
| 609|0x00000000a6100000, 0x00000000a6100000, 0x00000000a6200000|  0%| F|  |TAMS 0x00000000a6100000, 0x00000000a6100000| Untracked 
| 610|0x00000000a6200000, 0x00000000a6200000, 0x00000000a6300000|  0%| F|  |TAMS 0x00000000a6200000, 0x00000000a6200000| Untracked 
| 611|0x00000000a6300000, 0x00000000a6300000, 0x00000000a6400000|  0%| F|  |TAMS 0x00000000a6300000, 0x00000000a6300000| Untracked 
| 612|0x00000000a6400000, 0x00000000a6400000, 0x00000000a6500000|  0%| F|  |TAMS 0x00000000a6400000, 0x00000000a6400000| Untracked 
| 613|0x00000000a6500000, 0x00000000a6500000, 0x00000000a6600000|  0%| F|  |TAMS 0x00000000a6500000, 0x00000000a6500000| Untracked 
| 614|0x00000000a6600000, 0x00000000a6600000, 0x00000000a6700000|  0%| F|  |TAMS 0x00000000a6600000, 0x00000000a6600000| Untracked 
| 615|0x00000000a6700000, 0x00000000a6700000, 0x00000000a6800000|  0%| F|  |TAMS 0x00000000a6700000, 0x00000000a6700000| Untracked 
| 616|0x00000000a6800000, 0x00000000a6800000, 0x00000000a6900000|  0%| F|  |TAMS 0x00000000a6800000, 0x00000000a6800000| Untracked 
| 617|0x00000000a6900000, 0x00000000a6900000, 0x00000000a6a00000|  0%| F|  |TAMS 0x00000000a6900000, 0x00000000a6900000| Untracked 
| 618|0x00000000a6a00000, 0x00000000a6a00000, 0x00000000a6b00000|  0%| F|  |TAMS 0x00000000a6a00000, 0x00000000a6a00000| Untracked 
| 619|0x00000000a6b00000, 0x00000000a6b00000, 0x00000000a6c00000|  0%| F|  |TAMS 0x00000000a6b00000, 0x00000000a6b00000| Untracked 
| 620|0x00000000a6c00000, 0x00000000a6c00000, 0x00000000a6d00000|  0%| F|  |TAMS 0x00000000a6c00000, 0x00000000a6c00000| Untracked 
| 621|0x00000000a6d00000, 0x00000000a6d00000, 0x00000000a6e00000|  0%| F|  |TAMS 0x00000000a6d00000, 0x00000000a6d00000| Untracked 
| 622|0x00000000a6e00000, 0x00000000a6e00000, 0x00000000a6f00000|  0%| F|  |TAMS 0x00000000a6e00000, 0x00000000a6e00000| Untracked 
| 623|0x00000000a6f00000, 0x00000000a6f00000, 0x00000000a7000000|  0%| F|  |TAMS 0x00000000a6f00000, 0x00000000a6f00000| Untracked 
| 624|0x00000000a7000000, 0x00000000a7000000, 0x00000000a7100000|  0%| F|  |TAMS 0x00000000a7000000, 0x00000000a7000000| Untracked 
| 625|0x00000000a7100000, 0x00000000a7100000, 0x00000000a7200000|  0%| F|  |TAMS 0x00000000a7100000, 0x00000000a7100000| Untracked 
| 626|0x00000000a7200000, 0x00000000a7200000, 0x00000000a7300000|  0%| F|  |TAMS 0x00000000a7200000, 0x00000000a7200000| Untracked 
| 627|0x00000000a7300000, 0x00000000a7300000, 0x00000000a7400000|  0%| F|  |TAMS 0x00000000a7300000, 0x00000000a7300000| Untracked 
| 628|0x00000000a7400000, 0x00000000a7400000, 0x00000000a7500000|  0%| F|  |TAMS 0x00000000a7400000, 0x00000000a7400000| Untracked 
| 629|0x00000000a7500000, 0x00000000a7500000, 0x00000000a7600000|  0%| F|  |TAMS 0x00000000a7500000, 0x00000000a7500000| Untracked 
| 630|0x00000000a7600000, 0x00000000a7600000, 0x00000000a7700000|  0%| F|  |TAMS 0x00000000a7600000, 0x00000000a7600000| Untracked 
| 631|0x00000000a7700000, 0x00000000a7700000, 0x00000000a7800000|  0%| F|  |TAMS 0x00000000a7700000, 0x00000000a7700000| Untracked 
| 632|0x00000000a7800000, 0x00000000a7800000, 0x00000000a7900000|  0%| F|  |TAMS 0x00000000a7800000, 0x00000000a7800000| Untracked 
| 633|0x00000000a7900000, 0x00000000a7900000, 0x00000000a7a00000|  0%| F|  |TAMS 0x00000000a7900000, 0x00000000a7900000| Untracked 
| 634|0x00000000a7a00000, 0x00000000a7a00000, 0x00000000a7b00000|  0%| F|  |TAMS 0x00000000a7a00000, 0x00000000a7a00000| Untracked 
| 635|0x00000000a7b00000, 0x00000000a7b00000, 0x00000000a7c00000|  0%| F|  |TAMS 0x00000000a7b00000, 0x00000000a7b00000| Untracked 
| 636|0x00000000a7c00000, 0x00000000a7c00000, 0x00000000a7d00000|  0%| F|  |TAMS 0x00000000a7c00000, 0x00000000a7c00000| Untracked 
| 637|0x00000000a7d00000, 0x00000000a7d00000, 0x00000000a7e00000|  0%| F|  |TAMS 0x00000000a7d00000, 0x00000000a7d00000| Untracked 
| 638|0x00000000a7e00000, 0x00000000a7e00000, 0x00000000a7f00000|  0%| F|  |TAMS 0x00000000a7e00000, 0x00000000a7e00000| Untracked 
| 639|0x00000000a7f00000, 0x00000000a7f00000, 0x00000000a8000000|  0%| F|  |TAMS 0x00000000a7f00000, 0x00000000a7f00000| Untracked 
| 640|0x00000000a8000000, 0x00000000a8000000, 0x00000000a8100000|  0%| F|  |TAMS 0x00000000a8000000, 0x00000000a8000000| Untracked 
| 641|0x00000000a8100000, 0x00000000a8100000, 0x00000000a8200000|  0%| F|  |TAMS 0x00000000a8100000, 0x00000000a8100000| Untracked 
| 642|0x00000000a8200000, 0x00000000a8200000, 0x00000000a8300000|  0%| F|  |TAMS 0x00000000a8200000, 0x00000000a8200000| Untracked 
| 643|0x00000000a8300000, 0x00000000a8300000, 0x00000000a8400000|  0%| F|  |TAMS 0x00000000a8300000, 0x00000000a8300000| Untracked 
| 644|0x00000000a8400000, 0x00000000a8400000, 0x00000000a8500000|  0%| F|  |TAMS 0x00000000a8400000, 0x00000000a8400000| Untracked 
| 645|0x00000000a8500000, 0x00000000a8500000, 0x00000000a8600000|  0%| F|  |TAMS 0x00000000a8500000, 0x00000000a8500000| Untracked 
| 646|0x00000000a8600000, 0x00000000a8600000, 0x00000000a8700000|  0%| F|  |TAMS 0x00000000a8600000, 0x00000000a8600000| Untracked 
| 647|0x00000000a8700000, 0x00000000a8700000, 0x00000000a8800000|  0%| F|  |TAMS 0x00000000a8700000, 0x00000000a8700000| Untracked 
| 648|0x00000000a8800000, 0x00000000a8800000, 0x00000000a8900000|  0%| F|  |TAMS 0x00000000a8800000, 0x00000000a8800000| Untracked 
| 649|0x00000000a8900000, 0x00000000a8900000, 0x00000000a8a00000|  0%| F|  |TAMS 0x00000000a8900000, 0x00000000a8900000| Untracked 
| 650|0x00000000a8a00000, 0x00000000a8a00000, 0x00000000a8b00000|  0%| F|  |TAMS 0x00000000a8a00000, 0x00000000a8a00000| Untracked 
| 651|0x00000000a8b00000, 0x00000000a8b00000, 0x00000000a8c00000|  0%| F|  |TAMS 0x00000000a8b00000, 0x00000000a8b00000| Untracked 
| 652|0x00000000a8c00000, 0x00000000a8c00000, 0x00000000a8d00000|  0%| F|  |TAMS 0x00000000a8c00000, 0x00000000a8c00000| Untracked 
| 653|0x00000000a8d00000, 0x00000000a8d00000, 0x00000000a8e00000|  0%| F|  |TAMS 0x00000000a8d00000, 0x00000000a8d00000| Untracked 
| 654|0x00000000a8e00000, 0x00000000a8e00000, 0x00000000a8f00000|  0%| F|  |TAMS 0x00000000a8e00000, 0x00000000a8e00000| Untracked 
| 655|0x00000000a8f00000, 0x00000000a8f00000, 0x00000000a9000000|  0%| F|  |TAMS 0x00000000a8f00000, 0x00000000a8f00000| Untracked 
| 656|0x00000000a9000000, 0x00000000a9000000, 0x00000000a9100000|  0%| F|  |TAMS 0x00000000a9000000, 0x00000000a9000000| Untracked 
| 657|0x00000000a9100000, 0x00000000a9100000, 0x00000000a9200000|  0%| F|  |TAMS 0x00000000a9100000, 0x00000000a9100000| Untracked 
| 658|0x00000000a9200000, 0x00000000a9200000, 0x00000000a9300000|  0%| F|  |TAMS 0x00000000a9200000, 0x00000000a9200000| Untracked 
| 659|0x00000000a9300000, 0x00000000a9300000, 0x00000000a9400000|  0%| F|  |TAMS 0x00000000a9300000, 0x00000000a9300000| Untracked 
| 660|0x00000000a9400000, 0x00000000a9400000, 0x00000000a9500000|  0%| F|  |TAMS 0x00000000a9400000, 0x00000000a9400000| Untracked 
| 661|0x00000000a9500000, 0x00000000a9500000, 0x00000000a9600000|  0%| F|  |TAMS 0x00000000a9500000, 0x00000000a9500000| Untracked 
| 662|0x00000000a9600000, 0x00000000a9600000, 0x00000000a9700000|  0%| F|  |TAMS 0x00000000a9600000, 0x00000000a9600000| Untracked 
| 663|0x00000000a9700000, 0x00000000a9700000, 0x00000000a9800000|  0%| F|  |TAMS 0x00000000a9700000, 0x00000000a9700000| Untracked 
| 664|0x00000000a9800000, 0x00000000a9800000, 0x00000000a9900000|  0%| F|  |TAMS 0x00000000a9800000, 0x00000000a9800000| Untracked 
| 665|0x00000000a9900000, 0x00000000a9900000, 0x00000000a9a00000|  0%| F|  |TAMS 0x00000000a9900000, 0x00000000a9900000| Untracked 
| 666|0x00000000a9a00000, 0x00000000a9a00000, 0x00000000a9b00000|  0%| F|  |TAMS 0x00000000a9a00000, 0x00000000a9a00000| Untracked 
| 667|0x00000000a9b00000, 0x00000000a9b00000, 0x00000000a9c00000|  0%| F|  |TAMS 0x00000000a9b00000, 0x00000000a9b00000| Untracked 
| 668|0x00000000a9c00000, 0x00000000a9c00000, 0x00000000a9d00000|  0%| F|  |TAMS 0x00000000a9c00000, 0x00000000a9c00000| Untracked 
| 669|0x00000000a9d00000, 0x00000000a9d00000, 0x00000000a9e00000|  0%| F|  |TAMS 0x00000000a9d00000, 0x00000000a9d00000| Untracked 
| 670|0x00000000a9e00000, 0x00000000a9e00000, 0x00000000a9f00000|  0%| F|  |TAMS 0x00000000a9e00000, 0x00000000a9e00000| Untracked 
| 671|0x00000000a9f00000, 0x00000000a9f00000, 0x00000000aa000000|  0%| F|  |TAMS 0x00000000a9f00000, 0x00000000a9f00000| Untracked 
| 672|0x00000000aa000000, 0x00000000aa000000, 0x00000000aa100000|  0%| F|  |TAMS 0x00000000aa000000, 0x00000000aa000000| Untracked 
| 673|0x00000000aa100000, 0x00000000aa100000, 0x00000000aa200000|  0%| F|  |TAMS 0x00000000aa100000, 0x00000000aa100000| Untracked 
| 674|0x00000000aa200000, 0x00000000aa200000, 0x00000000aa300000|  0%| F|  |TAMS 0x00000000aa200000, 0x00000000aa200000| Untracked 
| 675|0x00000000aa300000, 0x00000000aa300000, 0x00000000aa400000|  0%| F|  |TAMS 0x00000000aa300000, 0x00000000aa300000| Untracked 
| 676|0x00000000aa400000, 0x00000000aa400000, 0x00000000aa500000|  0%| F|  |TAMS 0x00000000aa400000, 0x00000000aa400000| Untracked 
| 677|0x00000000aa500000, 0x00000000aa500000, 0x00000000aa600000|  0%| F|  |TAMS 0x00000000aa500000, 0x00000000aa500000| Untracked 
| 678|0x00000000aa600000, 0x00000000aa600000, 0x00000000aa700000|  0%| F|  |TAMS 0x00000000aa600000, 0x00000000aa600000| Untracked 
| 679|0x00000000aa700000, 0x00000000aa700000, 0x00000000aa800000|  0%| F|  |TAMS 0x00000000aa700000, 0x00000000aa700000| Untracked 
| 680|0x00000000aa800000, 0x00000000aa800000, 0x00000000aa900000|  0%| F|  |TAMS 0x00000000aa800000, 0x00000000aa800000| Untracked 
| 681|0x00000000aa900000, 0x00000000aa900000, 0x00000000aaa00000|  0%| F|  |TAMS 0x00000000aa900000, 0x00000000aa900000| Untracked 
| 682|0x00000000aaa00000, 0x00000000aaa00000, 0x00000000aab00000|  0%| F|  |TAMS 0x00000000aaa00000, 0x00000000aaa00000| Untracked 
| 683|0x00000000aab00000, 0x00000000aab00000, 0x00000000aac00000|  0%| F|  |TAMS 0x00000000aab00000, 0x00000000aab00000| Untracked 
| 684|0x00000000aac00000, 0x00000000aac00000, 0x00000000aad00000|  0%| F|  |TAMS 0x00000000aac00000, 0x00000000aac00000| Untracked 
| 685|0x00000000aad00000, 0x00000000aad00000, 0x00000000aae00000|  0%| F|  |TAMS 0x00000000aad00000, 0x00000000aad00000| Untracked 
| 686|0x00000000aae00000, 0x00000000aae00000, 0x00000000aaf00000|  0%| F|  |TAMS 0x00000000aae00000, 0x00000000aae00000| Untracked 
| 687|0x00000000aaf00000, 0x00000000aaf00000, 0x00000000ab000000|  0%| F|  |TAMS 0x00000000aaf00000, 0x00000000aaf00000| Untracked 
| 688|0x00000000ab000000, 0x00000000ab000000, 0x00000000ab100000|  0%| F|  |TAMS 0x00000000ab000000, 0x00000000ab000000| Untracked 
| 689|0x00000000ab100000, 0x00000000ab100000, 0x00000000ab200000|  0%| F|  |TAMS 0x00000000ab100000, 0x00000000ab100000| Untracked 
| 690|0x00000000ab200000, 0x00000000ab200000, 0x00000000ab300000|  0%| F|  |TAMS 0x00000000ab200000, 0x00000000ab200000| Untracked 
| 691|0x00000000ab300000, 0x00000000ab300000, 0x00000000ab400000|  0%| F|  |TAMS 0x00000000ab300000, 0x00000000ab300000| Untracked 
| 692|0x00000000ab400000, 0x00000000ab400000, 0x00000000ab500000|  0%| F|  |TAMS 0x00000000ab400000, 0x00000000ab400000| Untracked 
| 693|0x00000000ab500000, 0x00000000ab500000, 0x00000000ab600000|  0%| F|  |TAMS 0x00000000ab500000, 0x00000000ab500000| Untracked 
| 694|0x00000000ab600000, 0x00000000ab600000, 0x00000000ab700000|  0%| F|  |TAMS 0x00000000ab600000, 0x00000000ab600000| Untracked 
| 695|0x00000000ab700000, 0x00000000ab700000, 0x00000000ab800000|  0%| F|  |TAMS 0x00000000ab700000, 0x00000000ab700000| Untracked 
| 696|0x00000000ab800000, 0x00000000ab800000, 0x00000000ab900000|  0%| F|  |TAMS 0x00000000ab800000, 0x00000000ab800000| Untracked 
| 697|0x00000000ab900000, 0x00000000ab900000, 0x00000000aba00000|  0%| F|  |TAMS 0x00000000ab900000, 0x00000000ab900000| Untracked 
| 698|0x00000000aba00000, 0x00000000aba00000, 0x00000000abb00000|  0%| F|  |TAMS 0x00000000aba00000, 0x00000000aba00000| Untracked 
| 699|0x00000000abb00000, 0x00000000abb00000, 0x00000000abc00000|  0%| F|  |TAMS 0x00000000abb00000, 0x00000000abb00000| Untracked 
| 700|0x00000000abc00000, 0x00000000abc00000, 0x00000000abd00000|  0%| F|  |TAMS 0x00000000abc00000, 0x00000000abc00000| Untracked 
| 701|0x00000000abd00000, 0x00000000abd00000, 0x00000000abe00000|  0%| F|  |TAMS 0x00000000abd00000, 0x00000000abd00000| Untracked 
| 702|0x00000000abe00000, 0x00000000abe00000, 0x00000000abf00000|  0%| F|  |TAMS 0x00000000abe00000, 0x00000000abe00000| Untracked 
| 703|0x00000000abf00000, 0x00000000abf00000, 0x00000000ac000000|  0%| F|  |TAMS 0x00000000abf00000, 0x00000000abf00000| Untracked 
| 704|0x00000000ac000000, 0x00000000ac000000, 0x00000000ac100000|  0%| F|  |TAMS 0x00000000ac000000, 0x00000000ac000000| Untracked 
| 705|0x00000000ac100000, 0x00000000ac100000, 0x00000000ac200000|  0%| F|  |TAMS 0x00000000ac100000, 0x00000000ac100000| Untracked 
| 706|0x00000000ac200000, 0x00000000ac200000, 0x00000000ac300000|  0%| F|  |TAMS 0x00000000ac200000, 0x00000000ac200000| Untracked 
| 707|0x00000000ac300000, 0x00000000ac300000, 0x00000000ac400000|  0%| F|  |TAMS 0x00000000ac300000, 0x00000000ac300000| Untracked 
| 708|0x00000000ac400000, 0x00000000ac400000, 0x00000000ac500000|  0%| F|  |TAMS 0x00000000ac400000, 0x00000000ac400000| Untracked 
| 709|0x00000000ac500000, 0x00000000ac500000, 0x00000000ac600000|  0%| F|  |TAMS 0x00000000ac500000, 0x00000000ac500000| Untracked 
| 710|0x00000000ac600000, 0x00000000ac600000, 0x00000000ac700000|  0%| F|  |TAMS 0x00000000ac600000, 0x00000000ac600000| Untracked 
| 711|0x00000000ac700000, 0x00000000ac700000, 0x00000000ac800000|  0%| F|  |TAMS 0x00000000ac700000, 0x00000000ac700000| Untracked 
| 712|0x00000000ac800000, 0x00000000ac800000, 0x00000000ac900000|  0%| F|  |TAMS 0x00000000ac800000, 0x00000000ac800000| Untracked 
| 713|0x00000000ac900000, 0x00000000ac900000, 0x00000000aca00000|  0%| F|  |TAMS 0x00000000ac900000, 0x00000000ac900000| Untracked 
| 714|0x00000000aca00000, 0x00000000aca00000, 0x00000000acb00000|  0%| F|  |TAMS 0x00000000aca00000, 0x00000000aca00000| Untracked 
| 715|0x00000000acb00000, 0x00000000acb00000, 0x00000000acc00000|  0%| F|  |TAMS 0x00000000acb00000, 0x00000000acb00000| Untracked 
| 716|0x00000000acc00000, 0x00000000acc00000, 0x00000000acd00000|  0%| F|  |TAMS 0x00000000acc00000, 0x00000000acc00000| Untracked 
| 717|0x00000000acd00000, 0x00000000acd00000, 0x00000000ace00000|  0%| F|  |TAMS 0x00000000acd00000, 0x00000000acd00000| Untracked 
| 718|0x00000000ace00000, 0x00000000ace00000, 0x00000000acf00000|  0%| F|  |TAMS 0x00000000ace00000, 0x00000000ace00000| Untracked 
| 719|0x00000000acf00000, 0x00000000acf00000, 0x00000000ad000000|  0%| F|  |TAMS 0x00000000acf00000, 0x00000000acf00000| Untracked 
| 720|0x00000000ad000000, 0x00000000ad000000, 0x00000000ad100000|  0%| F|  |TAMS 0x00000000ad000000, 0x00000000ad000000| Untracked 
| 721|0x00000000ad100000, 0x00000000ad100000, 0x00000000ad200000|  0%| F|  |TAMS 0x00000000ad100000, 0x00000000ad100000| Untracked 
| 722|0x00000000ad200000, 0x00000000ad200000, 0x00000000ad300000|  0%| F|  |TAMS 0x00000000ad200000, 0x00000000ad200000| Untracked 
| 723|0x00000000ad300000, 0x00000000ad300000, 0x00000000ad400000|  0%| F|  |TAMS 0x00000000ad300000, 0x00000000ad300000| Untracked 
| 724|0x00000000ad400000, 0x00000000ad400000, 0x00000000ad500000|  0%| F|  |TAMS 0x00000000ad400000, 0x00000000ad400000| Untracked 
| 725|0x00000000ad500000, 0x00000000ad500000, 0x00000000ad600000|  0%| F|  |TAMS 0x00000000ad500000, 0x00000000ad500000| Untracked 
| 726|0x00000000ad600000, 0x00000000ad600000, 0x00000000ad700000|  0%| F|  |TAMS 0x00000000ad600000, 0x00000000ad600000| Untracked 
| 727|0x00000000ad700000, 0x00000000ad700000, 0x00000000ad800000|  0%| F|  |TAMS 0x00000000ad700000, 0x00000000ad700000| Untracked 
| 728|0x00000000ad800000, 0x00000000ad800000, 0x00000000ad900000|  0%| F|  |TAMS 0x00000000ad800000, 0x00000000ad800000| Untracked 
| 729|0x00000000ad900000, 0x00000000ad900000, 0x00000000ada00000|  0%| F|  |TAMS 0x00000000ad900000, 0x00000000ad900000| Untracked 
| 730|0x00000000ada00000, 0x00000000ada00000, 0x00000000adb00000|  0%| F|  |TAMS 0x00000000ada00000, 0x00000000ada00000| Untracked 
| 731|0x00000000adb00000, 0x00000000adb00000, 0x00000000adc00000|  0%| F|  |TAMS 0x00000000adb00000, 0x00000000adb00000| Untracked 
| 732|0x00000000adc00000, 0x00000000adc00000, 0x00000000add00000|  0%| F|  |TAMS 0x00000000adc00000, 0x00000000adc00000| Untracked 
| 733|0x00000000add00000, 0x00000000add00000, 0x00000000ade00000|  0%| F|  |TAMS 0x00000000add00000, 0x00000000add00000| Untracked 
| 734|0x00000000ade00000, 0x00000000ade00000, 0x00000000adf00000|  0%| F|  |TAMS 0x00000000ade00000, 0x00000000ade00000| Untracked 
| 735|0x00000000adf00000, 0x00000000adf00000, 0x00000000ae000000|  0%| F|  |TAMS 0x00000000adf00000, 0x00000000adf00000| Untracked 
| 736|0x00000000ae000000, 0x00000000ae000000, 0x00000000ae100000|  0%| F|  |TAMS 0x00000000ae000000, 0x00000000ae000000| Untracked 
| 737|0x00000000ae100000, 0x00000000ae100000, 0x00000000ae200000|  0%| F|  |TAMS 0x00000000ae100000, 0x00000000ae100000| Untracked 
| 738|0x00000000ae200000, 0x00000000ae200000, 0x00000000ae300000|  0%| F|  |TAMS 0x00000000ae200000, 0x00000000ae200000| Untracked 
| 739|0x00000000ae300000, 0x00000000ae300000, 0x00000000ae400000|  0%| F|  |TAMS 0x00000000ae300000, 0x00000000ae300000| Untracked 
| 740|0x00000000ae400000, 0x00000000ae400000, 0x00000000ae500000|  0%| F|  |TAMS 0x00000000ae400000, 0x00000000ae400000| Untracked 
| 741|0x00000000ae500000, 0x00000000ae500000, 0x00000000ae600000|  0%| F|  |TAMS 0x00000000ae500000, 0x00000000ae500000| Untracked 
| 742|0x00000000ae600000, 0x00000000ae600000, 0x00000000ae700000|  0%| F|  |TAMS 0x00000000ae600000, 0x00000000ae600000| Untracked 
| 743|0x00000000ae700000, 0x00000000ae700000, 0x00000000ae800000|  0%| F|  |TAMS 0x00000000ae700000, 0x00000000ae700000| Untracked 
| 744|0x00000000ae800000, 0x00000000ae800000, 0x00000000ae900000|  0%| F|  |TAMS 0x00000000ae800000, 0x00000000ae800000| Untracked 
| 745|0x00000000ae900000, 0x00000000ae900000, 0x00000000aea00000|  0%| F|  |TAMS 0x00000000ae900000, 0x00000000ae900000| Untracked 
| 746|0x00000000aea00000, 0x00000000aea00000, 0x00000000aeb00000|  0%| F|  |TAMS 0x00000000aea00000, 0x00000000aea00000| Untracked 
| 747|0x00000000aeb00000, 0x00000000aeb00000, 0x00000000aec00000|  0%| F|  |TAMS 0x00000000aeb00000, 0x00000000aeb00000| Untracked 
| 748|0x00000000aec00000, 0x00000000aec00000, 0x00000000aed00000|  0%| F|  |TAMS 0x00000000aec00000, 0x00000000aec00000| Untracked 
| 749|0x00000000aed00000, 0x00000000aed00000, 0x00000000aee00000|  0%| F|  |TAMS 0x00000000aed00000, 0x00000000aed00000| Untracked 
| 750|0x00000000aee00000, 0x00000000aee00000, 0x00000000aef00000|  0%| F|  |TAMS 0x00000000aee00000, 0x00000000aee00000| Untracked 
| 751|0x00000000aef00000, 0x00000000aef00000, 0x00000000af000000|  0%| F|  |TAMS 0x00000000aef00000, 0x00000000aef00000| Untracked 
| 752|0x00000000af000000, 0x00000000af000000, 0x00000000af100000|  0%| F|  |TAMS 0x00000000af000000, 0x00000000af000000| Untracked 
| 753|0x00000000af100000, 0x00000000af100000, 0x00000000af200000|  0%| F|  |TAMS 0x00000000af100000, 0x00000000af100000| Untracked 
| 754|0x00000000af200000, 0x00000000af200000, 0x00000000af300000|  0%| F|  |TAMS 0x00000000af200000, 0x00000000af200000| Untracked 
| 755|0x00000000af300000, 0x00000000af300000, 0x00000000af400000|  0%| F|  |TAMS 0x00000000af300000, 0x00000000af300000| Untracked 
| 756|0x00000000af400000, 0x00000000af400000, 0x00000000af500000|  0%| F|  |TAMS 0x00000000af400000, 0x00000000af400000| Untracked 
| 757|0x00000000af500000, 0x00000000af500000, 0x00000000af600000|  0%| F|  |TAMS 0x00000000af500000, 0x00000000af500000| Untracked 
| 758|0x00000000af600000, 0x00000000af600000, 0x00000000af700000|  0%| F|  |TAMS 0x00000000af600000, 0x00000000af600000| Untracked 
| 759|0x00000000af700000, 0x00000000af700000, 0x00000000af800000|  0%| F|  |TAMS 0x00000000af700000, 0x00000000af700000| Untracked 
| 760|0x00000000af800000, 0x00000000af800000, 0x00000000af900000|  0%| F|  |TAMS 0x00000000af800000, 0x00000000af800000| Untracked 
| 761|0x00000000af900000, 0x00000000af900000, 0x00000000afa00000|  0%| F|  |TAMS 0x00000000af900000, 0x00000000af900000| Untracked 
| 762|0x00000000afa00000, 0x00000000afa00000, 0x00000000afb00000|  0%| F|  |TAMS 0x00000000afa00000, 0x00000000afa00000| Untracked 
| 763|0x00000000afb00000, 0x00000000afb00000, 0x00000000afc00000|  0%| F|  |TAMS 0x00000000afb00000, 0x00000000afb00000| Untracked 
| 764|0x00000000afc00000, 0x00000000afc00000, 0x00000000afd00000|  0%| F|  |TAMS 0x00000000afc00000, 0x00000000afc00000| Untracked 
| 765|0x00000000afd00000, 0x00000000afd00000, 0x00000000afe00000|  0%| F|  |TAMS 0x00000000afd00000, 0x00000000afd00000| Untracked 
| 766|0x00000000afe00000, 0x00000000afe00000, 0x00000000aff00000|  0%| F|  |TAMS 0x00000000afe00000, 0x00000000afe00000| Untracked 
| 767|0x00000000aff00000, 0x00000000aff00000, 0x00000000b0000000|  0%| F|  |TAMS 0x00000000aff00000, 0x00000000aff00000| Untracked 
| 768|0x00000000b0000000, 0x00000000b0000000, 0x00000000b0100000|  0%| F|  |TAMS 0x00000000b0000000, 0x00000000b0000000| Untracked 
| 769|0x00000000b0100000, 0x00000000b0100000, 0x00000000b0200000|  0%| F|  |TAMS 0x00000000b0100000, 0x00000000b0100000| Untracked 
| 770|0x00000000b0200000, 0x00000000b0200000, 0x00000000b0300000|  0%| F|  |TAMS 0x00000000b0200000, 0x00000000b0200000| Untracked 
| 771|0x00000000b0300000, 0x00000000b0300000, 0x00000000b0400000|  0%| F|  |TAMS 0x00000000b0300000, 0x00000000b0300000| Untracked 
| 772|0x00000000b0400000, 0x00000000b0400000, 0x00000000b0500000|  0%| F|  |TAMS 0x00000000b0400000, 0x00000000b0400000| Untracked 
| 773|0x00000000b0500000, 0x00000000b0500000, 0x00000000b0600000|  0%| F|  |TAMS 0x00000000b0500000, 0x00000000b0500000| Untracked 
| 774|0x00000000b0600000, 0x00000000b0600000, 0x00000000b0700000|  0%| F|  |TAMS 0x00000000b0600000, 0x00000000b0600000| Untracked 
| 775|0x00000000b0700000, 0x00000000b0700000, 0x00000000b0800000|  0%| F|  |TAMS 0x00000000b0700000, 0x00000000b0700000| Untracked 
| 776|0x00000000b0800000, 0x00000000b0800000, 0x00000000b0900000|  0%| F|  |TAMS 0x00000000b0800000, 0x00000000b0800000| Untracked 
| 777|0x00000000b0900000, 0x00000000b0900000, 0x00000000b0a00000|  0%| F|  |TAMS 0x00000000b0900000, 0x00000000b0900000| Untracked 
| 778|0x00000000b0a00000, 0x00000000b0a00000, 0x00000000b0b00000|  0%| F|  |TAMS 0x00000000b0a00000, 0x00000000b0a00000| Untracked 
| 779|0x00000000b0b00000, 0x00000000b0b00000, 0x00000000b0c00000|  0%| F|  |TAMS 0x00000000b0b00000, 0x00000000b0b00000| Untracked 
| 780|0x00000000b0c00000, 0x00000000b0c00000, 0x00000000b0d00000|  0%| F|  |TAMS 0x00000000b0c00000, 0x00000000b0c00000| Untracked 
| 781|0x00000000b0d00000, 0x00000000b0d00000, 0x00000000b0e00000|  0%| F|  |TAMS 0x00000000b0d00000, 0x00000000b0d00000| Untracked 
| 782|0x00000000b0e00000, 0x00000000b0e00000, 0x00000000b0f00000|  0%| F|  |TAMS 0x00000000b0e00000, 0x00000000b0e00000| Untracked 
| 783|0x00000000b0f00000, 0x00000000b0f00000, 0x00000000b1000000|  0%| F|  |TAMS 0x00000000b0f00000, 0x00000000b0f00000| Untracked 
| 784|0x00000000b1000000, 0x00000000b1000000, 0x00000000b1100000|  0%| F|  |TAMS 0x00000000b1000000, 0x00000000b1000000| Untracked 
| 785|0x00000000b1100000, 0x00000000b1100000, 0x00000000b1200000|  0%| F|  |TAMS 0x00000000b1100000, 0x00000000b1100000| Untracked 
| 786|0x00000000b1200000, 0x00000000b1200000, 0x00000000b1300000|  0%| F|  |TAMS 0x00000000b1200000, 0x00000000b1200000| Untracked 
| 787|0x00000000b1300000, 0x00000000b1300000, 0x00000000b1400000|  0%| F|  |TAMS 0x00000000b1300000, 0x00000000b1300000| Untracked 
| 788|0x00000000b1400000, 0x00000000b1400000, 0x00000000b1500000|  0%| F|  |TAMS 0x00000000b1400000, 0x00000000b1400000| Untracked 
| 789|0x00000000b1500000, 0x00000000b1500000, 0x00000000b1600000|  0%| F|  |TAMS 0x00000000b1500000, 0x00000000b1500000| Untracked 
| 790|0x00000000b1600000, 0x00000000b1600000, 0x00000000b1700000|  0%| F|  |TAMS 0x00000000b1600000, 0x00000000b1600000| Untracked 
| 791|0x00000000b1700000, 0x00000000b1700000, 0x00000000b1800000|  0%| F|  |TAMS 0x00000000b1700000, 0x00000000b1700000| Untracked 
| 792|0x00000000b1800000, 0x00000000b1800000, 0x00000000b1900000|  0%| F|  |TAMS 0x00000000b1800000, 0x00000000b1800000| Untracked 
| 793|0x00000000b1900000, 0x00000000b1900000, 0x00000000b1a00000|  0%| F|  |TAMS 0x00000000b1900000, 0x00000000b1900000| Untracked 
| 794|0x00000000b1a00000, 0x00000000b1a00000, 0x00000000b1b00000|  0%| F|  |TAMS 0x00000000b1a00000, 0x00000000b1a00000| Untracked 
| 795|0x00000000b1b00000, 0x00000000b1b00000, 0x00000000b1c00000|  0%| F|  |TAMS 0x00000000b1b00000, 0x00000000b1b00000| Untracked 
| 796|0x00000000b1c00000, 0x00000000b1c00000, 0x00000000b1d00000|  0%| F|  |TAMS 0x00000000b1c00000, 0x00000000b1c00000| Untracked 
| 797|0x00000000b1d00000, 0x00000000b1d00000, 0x00000000b1e00000|  0%| F|  |TAMS 0x00000000b1d00000, 0x00000000b1d00000| Untracked 
| 798|0x00000000b1e00000, 0x00000000b1e00000, 0x00000000b1f00000|  0%| F|  |TAMS 0x00000000b1e00000, 0x00000000b1e00000| Untracked 
| 799|0x00000000b1f00000, 0x00000000b1f00000, 0x00000000b2000000|  0%| F|  |TAMS 0x00000000b1f00000, 0x00000000b1f00000| Untracked 
| 800|0x00000000b2000000, 0x00000000b2000000, 0x00000000b2100000|  0%| F|  |TAMS 0x00000000b2000000, 0x00000000b2000000| Untracked 
| 801|0x00000000b2100000, 0x00000000b2100000, 0x00000000b2200000|  0%| F|  |TAMS 0x00000000b2100000, 0x00000000b2100000| Untracked 
| 802|0x00000000b2200000, 0x00000000b2200000, 0x00000000b2300000|  0%| F|  |TAMS 0x00000000b2200000, 0x00000000b2200000| Untracked 
| 803|0x00000000b2300000, 0x00000000b2300000, 0x00000000b2400000|  0%| F|  |TAMS 0x00000000b2300000, 0x00000000b2300000| Untracked 
| 804|0x00000000b2400000, 0x00000000b2400000, 0x00000000b2500000|  0%| F|  |TAMS 0x00000000b2400000, 0x00000000b2400000| Untracked 
| 805|0x00000000b2500000, 0x00000000b2500000, 0x00000000b2600000|  0%| F|  |TAMS 0x00000000b2500000, 0x00000000b2500000| Untracked 
| 806|0x00000000b2600000, 0x00000000b2600000, 0x00000000b2700000|  0%| F|  |TAMS 0x00000000b2600000, 0x00000000b2600000| Untracked 
| 807|0x00000000b2700000, 0x00000000b2700000, 0x00000000b2800000|  0%| F|  |TAMS 0x00000000b2700000, 0x00000000b2700000| Untracked 
| 808|0x00000000b2800000, 0x00000000b2800000, 0x00000000b2900000|  0%| F|  |TAMS 0x00000000b2800000, 0x00000000b2800000| Untracked 
| 809|0x00000000b2900000, 0x00000000b2900000, 0x00000000b2a00000|  0%| F|  |TAMS 0x00000000b2900000, 0x00000000b2900000| Untracked 
| 810|0x00000000b2a00000, 0x00000000b2a00000, 0x00000000b2b00000|  0%| F|  |TAMS 0x00000000b2a00000, 0x00000000b2a00000| Untracked 
| 811|0x00000000b2b00000, 0x00000000b2b00000, 0x00000000b2c00000|  0%| F|  |TAMS 0x00000000b2b00000, 0x00000000b2b00000| Untracked 
| 812|0x00000000b2c00000, 0x00000000b2c00000, 0x00000000b2d00000|  0%| F|  |TAMS 0x00000000b2c00000, 0x00000000b2c00000| Untracked 
| 813|0x00000000b2d00000, 0x00000000b2d00000, 0x00000000b2e00000|  0%| F|  |TAMS 0x00000000b2d00000, 0x00000000b2d00000| Untracked 
| 814|0x00000000b2e00000, 0x00000000b2e00000, 0x00000000b2f00000|  0%| F|  |TAMS 0x00000000b2e00000, 0x00000000b2e00000| Untracked 
| 815|0x00000000b2f00000, 0x00000000b2f00000, 0x00000000b3000000|  0%| F|  |TAMS 0x00000000b2f00000, 0x00000000b2f00000| Untracked 
| 816|0x00000000b3000000, 0x00000000b3000000, 0x00000000b3100000|  0%| F|  |TAMS 0x00000000b3000000, 0x00000000b3000000| Untracked 
| 817|0x00000000b3100000, 0x00000000b3100000, 0x00000000b3200000|  0%| F|  |TAMS 0x00000000b3100000, 0x00000000b3100000| Untracked 
| 818|0x00000000b3200000, 0x00000000b3200000, 0x00000000b3300000|  0%| F|  |TAMS 0x00000000b3200000, 0x00000000b3200000| Untracked 
| 819|0x00000000b3300000, 0x00000000b3300000, 0x00000000b3400000|  0%| F|  |TAMS 0x00000000b3300000, 0x00000000b3300000| Untracked 
| 820|0x00000000b3400000, 0x00000000b3400000, 0x00000000b3500000|  0%| F|  |TAMS 0x00000000b3400000, 0x00000000b3400000| Untracked 
| 821|0x00000000b3500000, 0x00000000b3500000, 0x00000000b3600000|  0%| F|  |TAMS 0x00000000b3500000, 0x00000000b3500000| Untracked 
| 822|0x00000000b3600000, 0x00000000b3600000, 0x00000000b3700000|  0%| F|  |TAMS 0x00000000b3600000, 0x00000000b3600000| Untracked 
| 823|0x00000000b3700000, 0x00000000b3700000, 0x00000000b3800000|  0%| F|  |TAMS 0x00000000b3700000, 0x00000000b3700000| Untracked 
| 824|0x00000000b3800000, 0x00000000b3800000, 0x00000000b3900000|  0%| F|  |TAMS 0x00000000b3800000, 0x00000000b3800000| Untracked 
| 825|0x00000000b3900000, 0x00000000b3900000, 0x00000000b3a00000|  0%| F|  |TAMS 0x00000000b3900000, 0x00000000b3900000| Untracked 
| 826|0x00000000b3a00000, 0x00000000b3a00000, 0x00000000b3b00000|  0%| F|  |TAMS 0x00000000b3a00000, 0x00000000b3a00000| Untracked 
| 827|0x00000000b3b00000, 0x00000000b3b00000, 0x00000000b3c00000|  0%| F|  |TAMS 0x00000000b3b00000, 0x00000000b3b00000| Untracked 
| 828|0x00000000b3c00000, 0x00000000b3c00000, 0x00000000b3d00000|  0%| F|  |TAMS 0x00000000b3c00000, 0x00000000b3c00000| Untracked 
| 829|0x00000000b3d00000, 0x00000000b3d00000, 0x00000000b3e00000|  0%| F|  |TAMS 0x00000000b3d00000, 0x00000000b3d00000| Untracked 
| 830|0x00000000b3e00000, 0x00000000b3e00000, 0x00000000b3f00000|  0%| F|  |TAMS 0x00000000b3e00000, 0x00000000b3e00000| Untracked 
| 831|0x00000000b3f00000, 0x00000000b3f00000, 0x00000000b4000000|  0%| F|  |TAMS 0x00000000b3f00000, 0x00000000b3f00000| Untracked 
| 832|0x00000000b4000000, 0x00000000b4000000, 0x00000000b4100000|  0%| F|  |TAMS 0x00000000b4000000, 0x00000000b4000000| Untracked 
| 833|0x00000000b4100000, 0x00000000b4100000, 0x00000000b4200000|  0%| F|  |TAMS 0x00000000b4100000, 0x00000000b4100000| Untracked 
| 834|0x00000000b4200000, 0x00000000b4200000, 0x00000000b4300000|  0%| F|  |TAMS 0x00000000b4200000, 0x00000000b4200000| Untracked 
| 835|0x00000000b4300000, 0x00000000b4300000, 0x00000000b4400000|  0%| F|  |TAMS 0x00000000b4300000, 0x00000000b4300000| Untracked 
| 836|0x00000000b4400000, 0x00000000b4400000, 0x00000000b4500000|  0%| F|  |TAMS 0x00000000b4400000, 0x00000000b4400000| Untracked 
| 837|0x00000000b4500000, 0x00000000b4500000, 0x00000000b4600000|  0%| F|  |TAMS 0x00000000b4500000, 0x00000000b4500000| Untracked 
| 838|0x00000000b4600000, 0x00000000b4600000, 0x00000000b4700000|  0%| F|  |TAMS 0x00000000b4600000, 0x00000000b4600000| Untracked 
| 839|0x00000000b4700000, 0x00000000b4700000, 0x00000000b4800000|  0%| F|  |TAMS 0x00000000b4700000, 0x00000000b4700000| Untracked 
| 840|0x00000000b4800000, 0x00000000b4800000, 0x00000000b4900000|  0%| F|  |TAMS 0x00000000b4800000, 0x00000000b4800000| Untracked 
| 841|0x00000000b4900000, 0x00000000b4900000, 0x00000000b4a00000|  0%| F|  |TAMS 0x00000000b4900000, 0x00000000b4900000| Untracked 
| 842|0x00000000b4a00000, 0x00000000b4a00000, 0x00000000b4b00000|  0%| F|  |TAMS 0x00000000b4a00000, 0x00000000b4a00000| Untracked 
| 843|0x00000000b4b00000, 0x00000000b4b00000, 0x00000000b4c00000|  0%| F|  |TAMS 0x00000000b4b00000, 0x00000000b4b00000| Untracked 
| 844|0x00000000b4c00000, 0x00000000b4c00000, 0x00000000b4d00000|  0%| F|  |TAMS 0x00000000b4c00000, 0x00000000b4c00000| Untracked 
| 845|0x00000000b4d00000, 0x00000000b4d00000, 0x00000000b4e00000|  0%| F|  |TAMS 0x00000000b4d00000, 0x00000000b4d00000| Untracked 
| 846|0x00000000b4e00000, 0x00000000b4e00000, 0x00000000b4f00000|  0%| F|  |TAMS 0x00000000b4e00000, 0x00000000b4e00000| Untracked 
| 847|0x00000000b4f00000, 0x00000000b4f00000, 0x00000000b5000000|  0%| F|  |TAMS 0x00000000b4f00000, 0x00000000b4f00000| Untracked 
| 848|0x00000000b5000000, 0x00000000b5000000, 0x00000000b5100000|  0%| F|  |TAMS 0x00000000b5000000, 0x00000000b5000000| Untracked 
| 849|0x00000000b5100000, 0x00000000b5100000, 0x00000000b5200000|  0%| F|  |TAMS 0x00000000b5100000, 0x00000000b5100000| Untracked 
| 850|0x00000000b5200000, 0x00000000b5200000, 0x00000000b5300000|  0%| F|  |TAMS 0x00000000b5200000, 0x00000000b5200000| Untracked 
| 851|0x00000000b5300000, 0x00000000b5300000, 0x00000000b5400000|  0%| F|  |TAMS 0x00000000b5300000, 0x00000000b5300000| Untracked 
| 852|0x00000000b5400000, 0x00000000b5400000, 0x00000000b5500000|  0%| F|  |TAMS 0x00000000b5400000, 0x00000000b5400000| Untracked 
| 853|0x00000000b5500000, 0x00000000b5500000, 0x00000000b5600000|  0%| F|  |TAMS 0x00000000b5500000, 0x00000000b5500000| Untracked 
| 854|0x00000000b5600000, 0x00000000b5600000, 0x00000000b5700000|  0%| F|  |TAMS 0x00000000b5600000, 0x00000000b5600000| Untracked 
| 855|0x00000000b5700000, 0x00000000b5700000, 0x00000000b5800000|  0%| F|  |TAMS 0x00000000b5700000, 0x00000000b5700000| Untracked 
| 856|0x00000000b5800000, 0x00000000b5800000, 0x00000000b5900000|  0%| F|  |TAMS 0x00000000b5800000, 0x00000000b5800000| Untracked 
| 857|0x00000000b5900000, 0x00000000b5900000, 0x00000000b5a00000|  0%| F|  |TAMS 0x00000000b5900000, 0x00000000b5900000| Untracked 
| 858|0x00000000b5a00000, 0x00000000b5a00000, 0x00000000b5b00000|  0%| F|  |TAMS 0x00000000b5a00000, 0x00000000b5a00000| Untracked 
| 859|0x00000000b5b00000, 0x00000000b5b00000, 0x00000000b5c00000|  0%| F|  |TAMS 0x00000000b5b00000, 0x00000000b5b00000| Untracked 
| 860|0x00000000b5c00000, 0x00000000b5c00000, 0x00000000b5d00000|  0%| F|  |TAMS 0x00000000b5c00000, 0x00000000b5c00000| Untracked 
| 861|0x00000000b5d00000, 0x00000000b5d00000, 0x00000000b5e00000|  0%| F|  |TAMS 0x00000000b5d00000, 0x00000000b5d00000| Untracked 
| 862|0x00000000b5e00000, 0x00000000b5e00000, 0x00000000b5f00000|  0%| F|  |TAMS 0x00000000b5e00000, 0x00000000b5e00000| Untracked 
| 863|0x00000000b5f00000, 0x00000000b5f00000, 0x00000000b6000000|  0%| F|  |TAMS 0x00000000b5f00000, 0x00000000b5f00000| Untracked 
| 864|0x00000000b6000000, 0x00000000b6000000, 0x00000000b6100000|  0%| F|  |TAMS 0x00000000b6000000, 0x00000000b6000000| Untracked 
| 865|0x00000000b6100000, 0x00000000b6100000, 0x00000000b6200000|  0%| F|  |TAMS 0x00000000b6100000, 0x00000000b6100000| Untracked 
| 866|0x00000000b6200000, 0x00000000b6200000, 0x00000000b6300000|  0%| F|  |TAMS 0x00000000b6200000, 0x00000000b6200000| Untracked 
| 867|0x00000000b6300000, 0x00000000b6300000, 0x00000000b6400000|  0%| F|  |TAMS 0x00000000b6300000, 0x00000000b6300000| Untracked 
| 868|0x00000000b6400000, 0x00000000b6400000, 0x00000000b6500000|  0%| F|  |TAMS 0x00000000b6400000, 0x00000000b6400000| Untracked 
| 869|0x00000000b6500000, 0x00000000b6500000, 0x00000000b6600000|  0%| F|  |TAMS 0x00000000b6500000, 0x00000000b6500000| Untracked 
| 870|0x00000000b6600000, 0x00000000b6600000, 0x00000000b6700000|  0%| F|  |TAMS 0x00000000b6600000, 0x00000000b6600000| Untracked 
| 871|0x00000000b6700000, 0x00000000b6700000, 0x00000000b6800000|  0%| F|  |TAMS 0x00000000b6700000, 0x00000000b6700000| Untracked 
| 872|0x00000000b6800000, 0x00000000b6800000, 0x00000000b6900000|  0%| F|  |TAMS 0x00000000b6800000, 0x00000000b6800000| Untracked 
| 873|0x00000000b6900000, 0x00000000b6900000, 0x00000000b6a00000|  0%| F|  |TAMS 0x00000000b6900000, 0x00000000b6900000| Untracked 
| 874|0x00000000b6a00000, 0x00000000b6a00000, 0x00000000b6b00000|  0%| F|  |TAMS 0x00000000b6a00000, 0x00000000b6a00000| Untracked 
| 875|0x00000000b6b00000, 0x00000000b6b00000, 0x00000000b6c00000|  0%| F|  |TAMS 0x00000000b6b00000, 0x00000000b6b00000| Untracked 
| 876|0x00000000b6c00000, 0x00000000b6c00000, 0x00000000b6d00000|  0%| F|  |TAMS 0x00000000b6c00000, 0x00000000b6c00000| Untracked 
| 877|0x00000000b6d00000, 0x00000000b6d00000, 0x00000000b6e00000|  0%| F|  |TAMS 0x00000000b6d00000, 0x00000000b6d00000| Untracked 
| 878|0x00000000b6e00000, 0x00000000b6e00000, 0x00000000b6f00000|  0%| F|  |TAMS 0x00000000b6e00000, 0x00000000b6e00000| Untracked 
| 879|0x00000000b6f00000, 0x00000000b6f00000, 0x00000000b7000000|  0%| F|  |TAMS 0x00000000b6f00000, 0x00000000b6f00000| Untracked 
| 880|0x00000000b7000000, 0x00000000b7000000, 0x00000000b7100000|  0%| F|  |TAMS 0x00000000b7000000, 0x00000000b7000000| Untracked 
| 881|0x00000000b7100000, 0x00000000b7100000, 0x00000000b7200000|  0%| F|  |TAMS 0x00000000b7100000, 0x00000000b7100000| Untracked 
| 882|0x00000000b7200000, 0x00000000b7200000, 0x00000000b7300000|  0%| F|  |TAMS 0x00000000b7200000, 0x00000000b7200000| Untracked 
| 883|0x00000000b7300000, 0x00000000b7300000, 0x00000000b7400000|  0%| F|  |TAMS 0x00000000b7300000, 0x00000000b7300000| Untracked 
| 884|0x00000000b7400000, 0x00000000b7400000, 0x00000000b7500000|  0%| F|  |TAMS 0x00000000b7400000, 0x00000000b7400000| Untracked 
| 885|0x00000000b7500000, 0x00000000b7500000, 0x00000000b7600000|  0%| F|  |TAMS 0x00000000b7500000, 0x00000000b7500000| Untracked 
| 886|0x00000000b7600000, 0x00000000b7600000, 0x00000000b7700000|  0%| F|  |TAMS 0x00000000b7600000, 0x00000000b7600000| Untracked 
| 887|0x00000000b7700000, 0x00000000b7700000, 0x00000000b7800000|  0%| F|  |TAMS 0x00000000b7700000, 0x00000000b7700000| Untracked 
| 888|0x00000000b7800000, 0x00000000b7800000, 0x00000000b7900000|  0%| F|  |TAMS 0x00000000b7800000, 0x00000000b7800000| Untracked 
| 889|0x00000000b7900000, 0x00000000b7900000, 0x00000000b7a00000|  0%| F|  |TAMS 0x00000000b7900000, 0x00000000b7900000| Untracked 
| 890|0x00000000b7a00000, 0x00000000b7a00000, 0x00000000b7b00000|  0%| F|  |TAMS 0x00000000b7a00000, 0x00000000b7a00000| Untracked 
| 891|0x00000000b7b00000, 0x00000000b7b00000, 0x00000000b7c00000|  0%| F|  |TAMS 0x00000000b7b00000, 0x00000000b7b00000| Untracked 
| 892|0x00000000b7c00000, 0x00000000b7c00000, 0x00000000b7d00000|  0%| F|  |TAMS 0x00000000b7c00000, 0x00000000b7c00000| Untracked 
| 893|0x00000000b7d00000, 0x00000000b7d00000, 0x00000000b7e00000|  0%| F|  |TAMS 0x00000000b7d00000, 0x00000000b7d00000| Untracked 
| 894|0x00000000b7e00000, 0x00000000b7e00000, 0x00000000b7f00000|  0%| F|  |TAMS 0x00000000b7e00000, 0x00000000b7e00000| Untracked 
| 895|0x00000000b7f00000, 0x00000000b8000000, 0x00000000b8000000|100%| S|CS|TAMS 0x00000000b7f00000, 0x00000000b7f00000| Complete 
| 896|0x00000000b8000000, 0x00000000b8100000, 0x00000000b8100000|100%| S|CS|TAMS 0x00000000b8000000, 0x00000000b8000000| Complete 
| 897|0x00000000b8100000, 0x00000000b8200000, 0x00000000b8200000|100%| S|CS|TAMS 0x00000000b8100000, 0x00000000b8100000| Complete 
| 898|0x00000000b8200000, 0x00000000b8300000, 0x00000000b8300000|100%| S|CS|TAMS 0x00000000b8200000, 0x00000000b8200000| Complete 
| 899|0x00000000b8300000, 0x00000000b8400000, 0x00000000b8400000|100%| S|CS|TAMS 0x00000000b8300000, 0x00000000b8300000| Complete 
| 900|0x00000000b8400000, 0x00000000b8500000, 0x00000000b8500000|100%| S|CS|TAMS 0x00000000b8400000, 0x00000000b8400000| Complete 
| 901|0x00000000b8500000, 0x00000000b8600000, 0x00000000b8600000|100%| S|CS|TAMS 0x00000000b8500000, 0x00000000b8500000| Complete 
| 902|0x00000000b8600000, 0x00000000b8700000, 0x00000000b8700000|100%| S|CS|TAMS 0x00000000b8600000, 0x00000000b8600000| Complete 
| 903|0x00000000b8700000, 0x00000000b8800000, 0x00000000b8800000|100%| S|CS|TAMS 0x00000000b8700000, 0x00000000b8700000| Complete 
| 904|0x00000000b8800000, 0x00000000b8900000, 0x00000000b8900000|100%| S|CS|TAMS 0x00000000b8800000, 0x00000000b8800000| Complete 
| 905|0x00000000b8900000, 0x00000000b8900000, 0x00000000b8a00000|  0%| F|  |TAMS 0x00000000b8900000, 0x00000000b8900000| Untracked 
| 906|0x00000000b8a00000, 0x00000000b8a00000, 0x00000000b8b00000|  0%| F|  |TAMS 0x00000000b8a00000, 0x00000000b8a00000| Untracked 
| 907|0x00000000b8b00000, 0x00000000b8b00000, 0x00000000b8c00000|  0%| F|  |TAMS 0x00000000b8b00000, 0x00000000b8b00000| Untracked 
| 908|0x00000000b8c00000, 0x00000000b8c00000, 0x00000000b8d00000|  0%| F|  |TAMS 0x00000000b8c00000, 0x00000000b8c00000| Untracked 
| 909|0x00000000b8d00000, 0x00000000b8d00000, 0x00000000b8e00000|  0%| F|  |TAMS 0x00000000b8d00000, 0x00000000b8d00000| Untracked 
| 910|0x00000000b8e00000, 0x00000000b8e00000, 0x00000000b8f00000|  0%| F|  |TAMS 0x00000000b8e00000, 0x00000000b8e00000| Untracked 
| 911|0x00000000b8f00000, 0x00000000b8f00000, 0x00000000b9000000|  0%| F|  |TAMS 0x00000000b8f00000, 0x00000000b8f00000| Untracked 
| 912|0x00000000b9000000, 0x00000000b9000000, 0x00000000b9100000|  0%| F|  |TAMS 0x00000000b9000000, 0x00000000b9000000| Untracked 
| 913|0x00000000b9100000, 0x00000000b9100000, 0x00000000b9200000|  0%| F|  |TAMS 0x00000000b9100000, 0x00000000b9100000| Untracked 
| 914|0x00000000b9200000, 0x00000000b9200000, 0x00000000b9300000|  0%| F|  |TAMS 0x00000000b9200000, 0x00000000b9200000| Untracked 
| 915|0x00000000b9300000, 0x00000000b9300000, 0x00000000b9400000|  0%| F|  |TAMS 0x00000000b9300000, 0x00000000b9300000| Untracked 
| 916|0x00000000b9400000, 0x00000000b9400000, 0x00000000b9500000|  0%| F|  |TAMS 0x00000000b9400000, 0x00000000b9400000| Untracked 
| 917|0x00000000b9500000, 0x00000000b9500000, 0x00000000b9600000|  0%| F|  |TAMS 0x00000000b9500000, 0x00000000b9500000| Untracked 
| 918|0x00000000b9600000, 0x00000000b9600000, 0x00000000b9700000|  0%| F|  |TAMS 0x00000000b9600000, 0x00000000b9600000| Untracked 
| 919|0x00000000b9700000, 0x00000000b9700000, 0x00000000b9800000|  0%| F|  |TAMS 0x00000000b9700000, 0x00000000b9700000| Untracked 
| 920|0x00000000b9800000, 0x00000000b9800000, 0x00000000b9900000|  0%| F|  |TAMS 0x00000000b9800000, 0x00000000b9800000| Untracked 
| 921|0x00000000b9900000, 0x00000000b9900000, 0x00000000b9a00000|  0%| F|  |TAMS 0x00000000b9900000, 0x00000000b9900000| Untracked 
| 922|0x00000000b9a00000, 0x00000000b9a00000, 0x00000000b9b00000|  0%| F|  |TAMS 0x00000000b9a00000, 0x00000000b9a00000| Untracked 
| 923|0x00000000b9b00000, 0x00000000b9b00000, 0x00000000b9c00000|  0%| F|  |TAMS 0x00000000b9b00000, 0x00000000b9b00000| Untracked 
| 924|0x00000000b9c00000, 0x00000000b9c00000, 0x00000000b9d00000|  0%| F|  |TAMS 0x00000000b9c00000, 0x00000000b9c00000| Untracked 
| 925|0x00000000b9d00000, 0x00000000b9d00000, 0x00000000b9e00000|  0%| F|  |TAMS 0x00000000b9d00000, 0x00000000b9d00000| Untracked 
| 926|0x00000000b9e00000, 0x00000000b9e00000, 0x00000000b9f00000|  0%| F|  |TAMS 0x00000000b9e00000, 0x00000000b9e00000| Untracked 
| 927|0x00000000b9f00000, 0x00000000b9f00000, 0x00000000ba000000|  0%| F|  |TAMS 0x00000000b9f00000, 0x00000000b9f00000| Untracked 
| 928|0x00000000ba000000, 0x00000000ba000000, 0x00000000ba100000|  0%| F|  |TAMS 0x00000000ba000000, 0x00000000ba000000| Untracked 
| 929|0x00000000ba100000, 0x00000000ba100000, 0x00000000ba200000|  0%| F|  |TAMS 0x00000000ba100000, 0x00000000ba100000| Untracked 
| 930|0x00000000ba200000, 0x00000000ba200000, 0x00000000ba300000|  0%| F|  |TAMS 0x00000000ba200000, 0x00000000ba200000| Untracked 
| 931|0x00000000ba300000, 0x00000000ba300000, 0x00000000ba400000|  0%| F|  |TAMS 0x00000000ba300000, 0x00000000ba300000| Untracked 
| 932|0x00000000ba400000, 0x00000000ba400000, 0x00000000ba500000|  0%| F|  |TAMS 0x00000000ba400000, 0x00000000ba400000| Untracked 
| 933|0x00000000ba500000, 0x00000000ba500000, 0x00000000ba600000|  0%| F|  |TAMS 0x00000000ba500000, 0x00000000ba500000| Untracked 
| 934|0x00000000ba600000, 0x00000000ba600000, 0x00000000ba700000|  0%| F|  |TAMS 0x00000000ba600000, 0x00000000ba600000| Untracked 
| 935|0x00000000ba700000, 0x00000000ba700000, 0x00000000ba800000|  0%| F|  |TAMS 0x00000000ba700000, 0x00000000ba700000| Untracked 
| 936|0x00000000ba800000, 0x00000000ba800000, 0x00000000ba900000|  0%| F|  |TAMS 0x00000000ba800000, 0x00000000ba800000| Untracked 
| 937|0x00000000ba900000, 0x00000000ba900000, 0x00000000baa00000|  0%| F|  |TAMS 0x00000000ba900000, 0x00000000ba900000| Untracked 
| 938|0x00000000baa00000, 0x00000000baa00000, 0x00000000bab00000|  0%| F|  |TAMS 0x00000000baa00000, 0x00000000baa00000| Untracked 
| 939|0x00000000bab00000, 0x00000000bab00000, 0x00000000bac00000|  0%| F|  |TAMS 0x00000000bab00000, 0x00000000bab00000| Untracked 
| 940|0x00000000bac00000, 0x00000000bac00000, 0x00000000bad00000|  0%| F|  |TAMS 0x00000000bac00000, 0x00000000bac00000| Untracked 
| 941|0x00000000bad00000, 0x00000000bad00000, 0x00000000bae00000|  0%| F|  |TAMS 0x00000000bad00000, 0x00000000bad00000| Untracked 
| 942|0x00000000bae00000, 0x00000000bae00000, 0x00000000baf00000|  0%| F|  |TAMS 0x00000000bae00000, 0x00000000bae00000| Untracked 
| 943|0x00000000baf00000, 0x00000000baf00000, 0x00000000bb000000|  0%| F|  |TAMS 0x00000000baf00000, 0x00000000baf00000| Untracked 
| 944|0x00000000bb000000, 0x00000000bb000000, 0x00000000bb100000|  0%| F|  |TAMS 0x00000000bb000000, 0x00000000bb000000| Untracked 
| 945|0x00000000bb100000, 0x00000000bb100000, 0x00000000bb200000|  0%| F|  |TAMS 0x00000000bb100000, 0x00000000bb100000| Untracked 
| 946|0x00000000bb200000, 0x00000000bb200000, 0x00000000bb300000|  0%| F|  |TAMS 0x00000000bb200000, 0x00000000bb200000| Untracked 
| 947|0x00000000bb300000, 0x00000000bb300000, 0x00000000bb400000|  0%| F|  |TAMS 0x00000000bb300000, 0x00000000bb300000| Untracked 
| 948|0x00000000bb400000, 0x00000000bb400000, 0x00000000bb500000|  0%| F|  |TAMS 0x00000000bb400000, 0x00000000bb400000| Untracked 
| 949|0x00000000bb500000, 0x00000000bb500000, 0x00000000bb600000|  0%| F|  |TAMS 0x00000000bb500000, 0x00000000bb500000| Untracked 
| 950|0x00000000bb600000, 0x00000000bb600000, 0x00000000bb700000|  0%| F|  |TAMS 0x00000000bb600000, 0x00000000bb600000| Untracked 
| 951|0x00000000bb700000, 0x00000000bb700000, 0x00000000bb800000|  0%| F|  |TAMS 0x00000000bb700000, 0x00000000bb700000| Untracked 
| 952|0x00000000bb800000, 0x00000000bb800000, 0x00000000bb900000|  0%| F|  |TAMS 0x00000000bb800000, 0x00000000bb800000| Untracked 
| 953|0x00000000bb900000, 0x00000000bb900000, 0x00000000bba00000|  0%| F|  |TAMS 0x00000000bb900000, 0x00000000bb900000| Untracked 
| 954|0x00000000bba00000, 0x00000000bba00000, 0x00000000bbb00000|  0%| F|  |TAMS 0x00000000bba00000, 0x00000000bba00000| Untracked 
|1131|0x00000000c6b00000, 0x00000000c6b00000, 0x00000000c6c00000|  0%| F|  |TAMS 0x00000000c6b00000, 0x00000000c6b00000| Untracked 
|1132|0x00000000c6c00000, 0x00000000c6c00000, 0x00000000c6d00000|  0%| F|  |TAMS 0x00000000c6c00000, 0x00000000c6c00000| Untracked 
|1133|0x00000000c6d00000, 0x00000000c6d00000, 0x00000000c6e00000|  0%| F|  |TAMS 0x00000000c6d00000, 0x00000000c6d00000| Untracked 
|1134|0x00000000c6e00000, 0x00000000c6e00000, 0x00000000c6f00000|  0%| F|  |TAMS 0x00000000c6e00000, 0x00000000c6e00000| Untracked 
|1135|0x00000000c6f00000, 0x00000000c6f00000, 0x00000000c7000000|  0%| F|  |TAMS 0x00000000c6f00000, 0x00000000c6f00000| Untracked 
|1136|0x00000000c7000000, 0x00000000c7000000, 0x00000000c7100000|  0%| F|  |TAMS 0x00000000c7000000, 0x00000000c7000000| Untracked 
|1137|0x00000000c7100000, 0x00000000c7100000, 0x00000000c7200000|  0%| F|  |TAMS 0x00000000c7100000, 0x00000000c7100000| Untracked 
|1138|0x00000000c7200000, 0x00000000c7200000, 0x00000000c7300000|  0%| F|  |TAMS 0x00000000c7200000, 0x00000000c7200000| Untracked 
|1139|0x00000000c7300000, 0x00000000c7300000, 0x00000000c7400000|  0%| F|  |TAMS 0x00000000c7300000, 0x00000000c7300000| Untracked 
|1140|0x00000000c7400000, 0x00000000c7400000, 0x00000000c7500000|  0%| F|  |TAMS 0x00000000c7400000, 0x00000000c7400000| Untracked 
|1141|0x00000000c7500000, 0x00000000c7500000, 0x00000000c7600000|  0%| F|  |TAMS 0x00000000c7500000, 0x00000000c7500000| Untracked 
|1142|0x00000000c7600000, 0x00000000c7600000, 0x00000000c7700000|  0%| F|  |TAMS 0x00000000c7600000, 0x00000000c7600000| Untracked 
|1143|0x00000000c7700000, 0x00000000c7700000, 0x00000000c7800000|  0%| F|  |TAMS 0x00000000c7700000, 0x00000000c7700000| Untracked 
|1144|0x00000000c7800000, 0x00000000c7800000, 0x00000000c7900000|  0%| F|  |TAMS 0x00000000c7800000, 0x00000000c7800000| Untracked 
|1145|0x00000000c7900000, 0x00000000c7900000, 0x00000000c7a00000|  0%| F|  |TAMS 0x00000000c7900000, 0x00000000c7900000| Untracked 
|1146|0x00000000c7a00000, 0x00000000c7a00000, 0x00000000c7b00000|  0%| F|  |TAMS 0x00000000c7a00000, 0x00000000c7a00000| Untracked 
|1147|0x00000000c7b00000, 0x00000000c7b00000, 0x00000000c7c00000|  0%| F|  |TAMS 0x00000000c7b00000, 0x00000000c7b00000| Untracked 
|1148|0x00000000c7c00000, 0x00000000c7c00000, 0x00000000c7d00000|  0%| F|  |TAMS 0x00000000c7c00000, 0x00000000c7c00000| Untracked 
|1149|0x00000000c7d00000, 0x00000000c7d00000, 0x00000000c7e00000|  0%| F|  |TAMS 0x00000000c7d00000, 0x00000000c7d00000| Untracked 
|1150|0x00000000c7e00000, 0x00000000c7e00000, 0x00000000c7f00000|  0%| F|  |TAMS 0x00000000c7e00000, 0x00000000c7e00000| Untracked 
|1151|0x00000000c7f00000, 0x00000000c7f00000, 0x00000000c8000000|  0%| F|  |TAMS 0x00000000c7f00000, 0x00000000c7f00000| Untracked 
|1152|0x00000000c8000000, 0x00000000c8000000, 0x00000000c8100000|  0%| F|  |TAMS 0x00000000c8000000, 0x00000000c8000000| Untracked 
|1153|0x00000000c8100000, 0x00000000c8100000, 0x00000000c8200000|  0%| F|  |TAMS 0x00000000c8100000, 0x00000000c8100000| Untracked 
|1154|0x00000000c8200000, 0x00000000c8200000, 0x00000000c8300000|  0%| F|  |TAMS 0x00000000c8200000, 0x00000000c8200000| Untracked 
|1155|0x00000000c8300000, 0x00000000c8300000, 0x00000000c8400000|  0%| F|  |TAMS 0x00000000c8300000, 0x00000000c8300000| Untracked 
|1156|0x00000000c8400000, 0x00000000c8400000, 0x00000000c8500000|  0%| F|  |TAMS 0x00000000c8400000, 0x00000000c8400000| Untracked 
|1157|0x00000000c8500000, 0x00000000c8500000, 0x00000000c8600000|  0%| F|  |TAMS 0x00000000c8500000, 0x00000000c8500000| Untracked 
|1158|0x00000000c8600000, 0x00000000c8600000, 0x00000000c8700000|  0%| F|  |TAMS 0x00000000c8600000, 0x00000000c8600000| Untracked 
|1159|0x00000000c8700000, 0x00000000c8700000, 0x00000000c8800000|  0%| F|  |TAMS 0x00000000c8700000, 0x00000000c8700000| Untracked 
|1160|0x00000000c8800000, 0x00000000c8800000, 0x00000000c8900000|  0%| F|  |TAMS 0x00000000c8800000, 0x00000000c8800000| Untracked 
|1161|0x00000000c8900000, 0x00000000c8900000, 0x00000000c8a00000|  0%| F|  |TAMS 0x00000000c8900000, 0x00000000c8900000| Untracked 
|1162|0x00000000c8a00000, 0x00000000c8a00000, 0x00000000c8b00000|  0%| F|  |TAMS 0x00000000c8a00000, 0x00000000c8a00000| Untracked 
|1163|0x00000000c8b00000, 0x00000000c8b00000, 0x00000000c8c00000|  0%| F|  |TAMS 0x00000000c8b00000, 0x00000000c8b00000| Untracked 
|1164|0x00000000c8c00000, 0x00000000c8c00000, 0x00000000c8d00000|  0%| F|  |TAMS 0x00000000c8c00000, 0x00000000c8c00000| Untracked 
|1165|0x00000000c8d00000, 0x00000000c8d00000, 0x00000000c8e00000|  0%| F|  |TAMS 0x00000000c8d00000, 0x00000000c8d00000| Untracked 
|1166|0x00000000c8e00000, 0x00000000c8ed43d8, 0x00000000c8f00000| 82%| E|  |TAMS 0x00000000c8e00000, 0x00000000c8e00000| Complete 
|1167|0x00000000c8f00000, 0x00000000c9000000, 0x00000000c9000000|100%| E|CS|TAMS 0x00000000c8f00000, 0x00000000c8f00000| Complete 
|1168|0x00000000c9000000, 0x00000000c9100000, 0x00000000c9100000|100%| E|CS|TAMS 0x00000000c9000000, 0x00000000c9000000| Complete 
|1169|0x00000000c9100000, 0x00000000c9200000, 0x00000000c9200000|100%| E|CS|TAMS 0x00000000c9100000, 0x00000000c9100000| Complete 
|1170|0x00000000c9200000, 0x00000000c9300000, 0x00000000c9300000|100%| E|CS|TAMS 0x00000000c9200000, 0x00000000c9200000| Complete 
|1171|0x00000000c9300000, 0x00000000c9400000, 0x00000000c9400000|100%| E|CS|TAMS 0x00000000c9300000, 0x00000000c9300000| Complete 
|1172|0x00000000c9400000, 0x00000000c9500000, 0x00000000c9500000|100%| E|CS|TAMS 0x00000000c9400000, 0x00000000c9400000| Complete 
|1173|0x00000000c9500000, 0x00000000c9600000, 0x00000000c9600000|100%| E|CS|TAMS 0x00000000c9500000, 0x00000000c9500000| Complete 
|1174|0x00000000c9600000, 0x00000000c9700000, 0x00000000c9700000|100%| E|CS|TAMS 0x00000000c9600000, 0x00000000c9600000| Complete 
|1175|0x00000000c9700000, 0x00000000c9800000, 0x00000000c9800000|100%| E|CS|TAMS 0x00000000c9700000, 0x00000000c9700000| Complete 
|1176|0x00000000c9800000, 0x00000000c9900000, 0x00000000c9900000|100%| E|  |TAMS 0x00000000c9800000, 0x00000000c9800000| Complete 
|1177|0x00000000c9900000, 0x00000000c9a00000, 0x00000000c9a00000|100%| E|CS|TAMS 0x00000000c9900000, 0x00000000c9900000| Complete 
|1178|0x00000000c9a00000, 0x00000000c9b00000, 0x00000000c9b00000|100%| E|CS|TAMS 0x00000000c9a00000, 0x00000000c9a00000| Complete 
|1179|0x00000000c9b00000, 0x00000000c9c00000, 0x00000000c9c00000|100%| E|CS|TAMS 0x00000000c9b00000, 0x00000000c9b00000| Complete 
|1180|0x00000000c9c00000, 0x00000000c9d00000, 0x00000000c9d00000|100%| E|CS|TAMS 0x00000000c9c00000, 0x00000000c9c00000| Complete 
|1181|0x00000000c9d00000, 0x00000000c9e00000, 0x00000000c9e00000|100%| E|CS|TAMS 0x00000000c9d00000, 0x00000000c9d00000| Complete 
|1182|0x00000000c9e00000, 0x00000000c9f00000, 0x00000000c9f00000|100%| E|CS|TAMS 0x00000000c9e00000, 0x00000000c9e00000| Complete 
|1183|0x00000000c9f00000, 0x00000000ca000000, 0x00000000ca000000|100%| E|CS|TAMS 0x00000000c9f00000, 0x00000000c9f00000| Complete 
|1184|0x00000000ca000000, 0x00000000ca100000, 0x00000000ca100000|100%| E|CS|TAMS 0x00000000ca000000, 0x00000000ca000000| Complete 
|1185|0x00000000ca100000, 0x00000000ca200000, 0x00000000ca200000|100%| E|CS|TAMS 0x00000000ca100000, 0x00000000ca100000| Complete 

Card table byte_map: [0x000001e1399f0000,0x000001e139df0000] _byte_map_base: 0x000001e1395f0000

Marking Bits (Prev, Next): (CMBitMap*) 0x000001e1229e7420, (CMBitMap*) 0x000001e1229e7460
 Prev Bits: [0x000001e13a1f0000, 0x000001e13c1f0000)
 Next Bits: [0x000001e13c1f0000, 0x000001e13e1f0000)

Polling page: 0x000001e120840000

Metaspace:

Usage:
  Non-class:    149.17 MB used.
      Class:     23.09 MB used.
       Both:    172.25 MB used.

Virtual space:
  Non-class space:      152.00 MB reserved,     150.06 MB ( 99%) committed,  19 nodes.
      Class space:        1.00 GB reserved,      24.00 MB (  2%) committed,  1 nodes.
             Both:        1.15 GB reserved,     174.06 MB ( 15%) committed. 

Chunk freelists:
   Non-Class:  1.32 MB
       Class:  3.97 MB
        Both:  5.29 MB

MaxMetaspaceSize: unlimited
CompressedClassSpaceSize: 1.00 GB
Initial GC threshold: 21.00 MB
Current GC threshold: 288.75 MB
CDS: on
MetaspaceReclaimPolicy: balanced
 - commit_granule_bytes: 65536.
 - commit_granule_words: 8192.
 - virtual_space_node_default_size: 1048576.
 - enlarge_chunks_in_place: 1.
 - new_chunks_are_fully_committed: 0.
 - uncommit_free_chunks: 1.
 - use_allocation_guard: 0.
 - handle_deallocations: 1.


Internal statistics:

num_allocs_failed_limit: 9.
num_arena_births: 5046.
num_arena_deaths: 1844.
num_vsnodes_births: 20.
num_vsnodes_deaths: 0.
num_space_committed: 2819.
num_space_uncommitted: 38.
num_chunks_returned_to_freelist: 2646.
num_chunks_taken_from_freelist: 14347.
num_chunk_merges: 772.
num_chunk_splits: 8273.
num_chunks_enlarged: 4812.
num_purges: 22.
num_inconsistent_stats: 0.

CodeHeap 'non-profiled nmethods': size=120000Kb used=32782Kb max_used=32782Kb free=87218Kb
 bounds [0x000001e131c60000, 0x000001e133c70000, 0x000001e139190000]
CodeHeap 'profiled nmethods': size=120000Kb used=64317Kb max_used=64843Kb free=55683Kb
 bounds [0x000001e12a730000, 0x000001e12e6d0000, 0x000001e131c60000]
CodeHeap 'non-nmethods': size=5760Kb used=1896Kb max_used=2061Kb free=3864Kb
 bounds [0x000001e12a190000, 0x000001e12a400000, 0x000001e12a730000]
 total_blobs=32700 nmethods=31685 adapters=925
 compilation: enabled
              stopped_count=0, restarted_count=0
 full_count=0

Compilation events (20 events):
Event: 15888.620 Thread 0x000001e15caf1990 nmethod 42718 0x000001e133c53390 code [0x000001e133c53520, 0x000001e133c53bd8]
Event: 15888.620 Thread 0x000001e15caf1990 42716       4       kotlin.text.StringsKt__StringsJVMKt::endsWith$default (15 bytes)
Event: 15888.621 Thread 0x000001e140f5a9a0 nmethod 42717 0x000001e133c53e90 code [0x000001e133c54020, 0x000001e133c54658]
Event: 15888.621 Thread 0x000001e140f5a9a0 42719   !   4       jdk.internal.reflect.GeneratedConstructorAccessor94::newInstance (285 bytes)
Event: 15888.625 Thread 0x000001e15caf1990 nmethod 42716 0x000001e133c54990 code [0x000001e133c54b20, 0x000001e133c54e18]
Event: 15888.625 Thread 0x000001e15caf1990 42720       4       java.nio.DirectByteBufferR::<init> (20 bytes)
Event: 15888.637 Thread 0x000001e140f5a9a0 nmethod 42719 0x000001e133c55090 code [0x000001e133c552a0, 0x000001e133c561a8]
Event: 15888.637 Thread 0x000001e140f5a9a0 42723       4       com.android.zipflinger.ZipWriter::transferFrom (41 bytes)
Event: 15888.638 Thread 0x000001e15caf1990 nmethod 42720 0x000001e133c56990 code [0x000001e133c56b40, 0x000001e133c57838]
Event: 15888.638 Thread 0x000001e15caf1990 42721       4       sun.nio.ch.FileChannelImpl$DefaultUnmapper::<init> (17 bytes)
Event: 15888.640 Thread 0x000001e15caf1990 nmethod 42721 0x000001e133c57c90 code [0x000001e133c57e20, 0x000001e133c58158]
Event: 15888.640 Thread 0x000001e15caf1990 42722       4       sun.nio.ch.FileChannelImpl$Unmapper::<init> (53 bytes)
Event: 15888.641 Thread 0x000001e15caf1990 nmethod 42722 0x000001e133c58210 code [0x000001e133c58380, 0x000001e133c584f8]
Event: 15888.665 Thread 0x000001e151ae9c60 nmethod 42715 0x000001e133c58590 code [0x000001e133c587c0, 0x000001e133c5a608]
Event: 15888.665 Thread 0x000001e15caf1990 42724   !   4       sun.nio.ch.FileChannelImpl::mapInternal (609 bytes)
Event: 15888.674 Thread 0x000001e140f5a9a0 nmethod 42723 0x000001e133c5b410 code [0x000001e133c5b700, 0x000001e133c5d110]
Event: 15888.675 Thread 0x000001e151ae9c60 42725       4       sun.nio.ch.FileChannelImpl::checkMode (76 bytes)
Event: 15888.676 Thread 0x000001e151ae9c60 nmethod 42725 0x000001e133c5e790 code [0x000001e133c5e920, 0x000001e133c5ea18]
Event: 15888.678 Thread 0x000001e140f5be10 42726       3       java.lang.StringConcatHelper::mix (11 bytes)
Event: 15888.678 Thread 0x000001e140f5be10 nmethod 42726 0x000001e12dcfc810 code [0x000001e12dcfc9c0, 0x000001e12dcfcc38]

GC Heap History (20 events):
Event: 13684.077 GC heap before
{Heap before GC invocations=133 (full 1):
 garbage-first heap   total 1034240K, used 490352K [0x0000000080000000, 0x0000000100000000)
  region size 1024K, 229 young (234496K), 4 survivors (4096K)
 Metaspace       used 175661K, committed 177408K, reserved 1204224K
  class space    used 23570K, committed 24448K, reserved 1048576K
}
Event: 13684.092 GC heap after
{Heap after GC invocations=134 (full 1):
 garbage-first heap   total 1034240K, used 290099K [0x0000000080000000, 0x0000000100000000)
  region size 1024K, 31 young (31744K), 31 survivors (31744K)
 Metaspace       used 175661K, committed 177408K, reserved 1204224K
  class space    used 23570K, committed 24448K, reserved 1048576K
}
Event: 13684.530 GC heap before
{Heap before GC invocations=135 (full 1):
 garbage-first heap   total 1034240K, used 793907K [0x0000000080000000, 0x0000000100000000)
  region size 1024K, 535 young (547840K), 31 survivors (31744K)
 Metaspace       used 175669K, committed 177408K, reserved 1204224K
  class space    used 23569K, committed 24448K, reserved 1048576K
}
Event: 13684.542 GC heap after
{Heap after GC invocations=136 (full 1):
 garbage-first heap   total 1034240K, used 277348K [0x0000000080000000, 0x0000000100000000)
  region size 1024K, 32 young (32768K), 32 survivors (32768K)
 Metaspace       used 175669K, committed 177408K, reserved 1204224K
  class space    used 23569K, committed 24448K, reserved 1048576K
}
Event: 13684.549 GC heap before
{Heap before GC invocations=136 (full 1):
 garbage-first heap   total 1034240K, used 295780K [0x0000000080000000, 0x0000000100000000)
  region size 1024K, 50 young (51200K), 32 survivors (32768K)
 Metaspace       used 175669K, committed 177408K, reserved 1204224K
  class space    used 23569K, committed 24448K, reserved 1048576K
}
Event: 13684.562 GC heap after
{Heap after GC invocations=137 (full 1):
 garbage-first heap   total 1034240K, used 261833K [0x0000000080000000, 0x0000000100000000)
  region size 1024K, 5 young (5120K), 5 survivors (5120K)
 Metaspace       used 175669K, committed 177408K, reserved 1204224K
  class space    used 23569K, committed 24448K, reserved 1048576K
}
Event: 13684.828 GC heap before
{Heap before GC invocations=137 (full 1):
 garbage-first heap   total 1034240K, used 826057K [0x0000000080000000, 0x0000000100000000)
  region size 1024K, 556 young (569344K), 5 survivors (5120K)
 Metaspace       used 175680K, committed 177408K, reserved 1204224K
  class space    used 23569K, committed 24448K, reserved 1048576K
}
Event: 13684.833 GC heap after
{Heap after GC invocations=138 (full 1):
 garbage-first heap   total 1034240K, used 261988K [0x0000000080000000, 0x0000000100000000)
  region size 1024K, 6 young (6144K), 6 survivors (6144K)
 Metaspace       used 175680K, committed 177408K, reserved 1204224K
  class space    used 23569K, committed 24448K, reserved 1048576K
}
Event: 13685.205 GC heap before
{Heap before GC invocations=139 (full 1):
 garbage-first heap   total 1034240K, used 843620K [0x0000000080000000, 0x0000000100000000)
  region size 1024K, 574 young (587776K), 6 survivors (6144K)
 Metaspace       used 175681K, committed 177408K, reserved 1204224K
  class space    used 23569K, committed 24448K, reserved 1048576K
}
Event: 13685.212 GC heap after
{Heap after GC invocations=140 (full 1):
 garbage-first heap   total 1034240K, used 268189K [0x0000000080000000, 0x0000000100000000)
  region size 1024K, 12 young (12288K), 12 survivors (12288K)
 Metaspace       used 175681K, committed 177408K, reserved 1204224K
  class space    used 23569K, committed 24448K, reserved 1048576K
}
Event: 13685.242 GC heap before
{Heap before GC invocations=140 (full 1):
 garbage-first heap   total 1034240K, used 306077K [0x0000000080000000, 0x0000000100000000)
  region size 1024K, 50 young (51200K), 12 survivors (12288K)
 Metaspace       used 175681K, committed 177408K, reserved 1204224K
  class space    used 23569K, committed 24448K, reserved 1048576K
}
Event: 13685.249 GC heap after
{Heap after GC invocations=141 (full 1):
 garbage-first heap   total 1034240K, used 255144K [0x0000000080000000, 0x0000000100000000)
  region size 1024K, 4 young (4096K), 4 survivors (4096K)
 Metaspace       used 175681K, committed 177408K, reserved 1204224K
  class space    used 23569K, committed 24448K, reserved 1048576K
}
Event: 13685.841 GC heap before
{Heap before GC invocations=141 (full 1):
 garbage-first heap   total 1034240K, used 855208K [0x0000000080000000, 0x0000000100000000)
  region size 1024K, 591 young (605184K), 4 survivors (4096K)
 Metaspace       used 175688K, committed 177408K, reserved 1204224K
  class space    used 23569K, committed 24448K, reserved 1048576K
}
Event: 13685.847 GC heap after
{Heap after GC invocations=142 (full 1):
 garbage-first heap   total 1034240K, used 259391K [0x0000000080000000, 0x0000000100000000)
  region size 1024K, 8 young (8192K), 8 survivors (8192K)
 Metaspace       used 175688K, committed 177408K, reserved 1204224K
  class space    used 23569K, committed 24448K, reserved 1048576K
}
Event: 15885.233 GC heap before
{Heap before GC invocations=143 (full 1):
 garbage-first heap   total 1034240K, used 996671K [0x0000000080000000, 0x0000000100000000)
  region size 1024K, 506 young (518144K), 8 survivors (8192K)
 Metaspace       used 176217K, committed 178112K, reserved 1204224K
  class space    used 23625K, committed 24576K, reserved 1048576K
}
Event: 15885.270 GC heap after
{Heap after GC invocations=144 (full 1):
 garbage-first heap   total 1034240K, used 272328K [0x0000000080000000, 0x0000000100000000)
  region size 1024K, 20 young (20480K), 20 survivors (20480K)
 Metaspace       used 176217K, committed 178112K, reserved 1204224K
  class space    used 23625K, committed 24576K, reserved 1048576K
}
Event: 15885.709 GC heap before
{Heap before GC invocations=144 (full 1):
 garbage-first heap   total 1034240K, used 302024K [0x0000000080000000, 0x0000000100000000)
  region size 1024K, 50 young (51200K), 20 survivors (20480K)
 Metaspace       used 176274K, committed 178176K, reserved 1204224K
  class space    used 23626K, committed 24576K, reserved 1048576K
}
Event: 15885.736 GC heap after
{Heap after GC invocations=145 (full 1):
 garbage-first heap   total 1034240K, used 258744K [0x0000000080000000, 0x0000000100000000)
  region size 1024K, 6 young (6144K), 6 survivors (6144K)
 Metaspace       used 176274K, committed 178176K, reserved 1204224K
  class space    used 23626K, committed 24576K, reserved 1048576K
}
Event: 15888.556 GC heap before
{Heap before GC invocations=145 (full 1):
 garbage-first heap   total 1034240K, used 358072K [0x0000000080000000, 0x0000000100000000)
  region size 1024K, 105 young (107520K), 6 survivors (6144K)
 Metaspace       used 176388K, committed 178240K, reserved 1204224K
  class space    used 23639K, committed 24576K, reserved 1048576K
}
Event: 15888.562 GC heap after
{Heap after GC invocations=146 (full 1):
 garbage-first heap   total 1034240K, used 263534K [0x0000000080000000, 0x0000000100000000)
  region size 1024K, 10 young (10240K), 10 survivors (10240K)
 Metaspace       used 176388K, committed 178240K, reserved 1204224K
  class space    used 23639K, committed 24576K, reserved 1048576K
}

Deoptimization events (20 events):
Event: 15885.793 Thread 0x000001e14df73540 DEOPT PACKING pc=0x000001e133001020 sp=0x00000078ac0fcb40
Event: 15885.793 Thread 0x000001e14df73540 DEOPT UNPACKING pc=0x000001e12a1e23a3 sp=0x00000078ac0fc938 mode 2
Event: 15885.793 Thread 0x000001e14df73540 Uncommon trap: trap_request=0xffffff45 fr.pc=0x000001e1325c4e4c relative=0x000000000000026c
Event: 15885.793 Thread 0x000001e14df73540 Uncommon trap: reason=unstable_if action=reinterpret pc=0x000001e1325c4e4c method=org.gradle.api.internal.provider.ValueState$NonFinalizedValue.maybeFinalizeOnRead(Lorg/gradle/api/Describable;Lorg/gradle/internal/state/ModelObject;Lorg/gradle/api/internal
Event: 15885.793 Thread 0x000001e14df73540 DEOPT PACKING pc=0x000001e1325c4e4c sp=0x00000078ac0fc3f0
Event: 15885.793 Thread 0x000001e14df73540 DEOPT UNPACKING pc=0x000001e12a1e23a3 sp=0x00000078ac0fc298 mode 2
Event: 15885.928 Thread 0x000001e14da103a0 Uncommon trap: trap_request=0xffffff45 fr.pc=0x000001e132475940 relative=0x0000000000000d20
Event: 15885.928 Thread 0x000001e14da103a0 Uncommon trap: reason=unstable_if action=reinterpret pc=0x000001e132475940 method=java.util.concurrent.atomic.LongAdder.add(J)V @ 82 c2
Event: 15885.928 Thread 0x000001e14da103a0 DEOPT PACKING pc=0x000001e132475940 sp=0x00000078ab0fcb00
Event: 15885.928 Thread 0x000001e14da103a0 DEOPT UNPACKING pc=0x000001e12a1e23a3 sp=0x00000078ab0fc8b0 mode 2
Event: 15888.385 Thread 0x000001e1511db6b0 DEOPT PACKING pc=0x000001e12dbc8981 sp=0x00000078b09fe020
Event: 15888.385 Thread 0x000001e1511db6b0 DEOPT UNPACKING pc=0x000001e12a1e2b43 sp=0x00000078b09fd5f8 mode 0
Event: 15888.400 Thread 0x000001e1511db6b0 DEOPT PACKING pc=0x000001e12dbcd4e4 sp=0x00000078b09fdce0
Event: 15888.400 Thread 0x000001e1511db6b0 DEOPT UNPACKING pc=0x000001e12a1e2b43 sp=0x00000078b09fd180 mode 0
Event: 15888.501 Thread 0x000001e14df72200 DEOPT PACKING pc=0x000001e12ce0a361 sp=0x00000078ac1fa650
Event: 15888.501 Thread 0x000001e14df72200 DEOPT UNPACKING pc=0x000001e12a1e2b43 sp=0x00000078ac1f9bc8 mode 0
Event: 15888.515 Thread 0x000001e1511a90d0 DEOPT PACKING pc=0x000001e12dee7789 sp=0x00000078aecfd240
Event: 15888.515 Thread 0x000001e1511a90d0 DEOPT UNPACKING pc=0x000001e12a1e2b43 sp=0x00000078aecfc850 mode 0
Event: 15888.516 Thread 0x000001e1511a90d0 DEOPT PACKING pc=0x000001e12dee7533 sp=0x00000078aecfd240
Event: 15888.516 Thread 0x000001e1511a90d0 DEOPT UNPACKING pc=0x000001e12a1e2b43 sp=0x00000078aecfc850 mode 0

Classes unloaded (20 events):
Event: 13526.879 Thread 0x000001e140ead060 Unloading class 0x000000080219c930 'jdk/internal/jimage/ImageReader$Resource'
Event: 13526.879 Thread 0x000001e140ead060 Unloading class 0x000000080219c6c8 'jdk/internal/jimage/ImageReader$LinkNode'
Event: 13526.879 Thread 0x000001e140ead060 Unloading class 0x000000080219c460 'jdk/internal/jimage/ImageReader$Directory'
Event: 13526.879 Thread 0x000001e140ead060 Unloading class 0x000000080219c1f8 'jdk/internal/jimage/ImageReader$Node'
Event: 13526.879 Thread 0x000001e140ead060 Unloading class 0x000000080219c000 'jdk/internal/jimage/ImageStrings'
Event: 13526.879 Thread 0x000001e140ead060 Unloading class 0x000000080219eb70 'jdk/internal/jimage/ImageReader$SharedImageReader'
Event: 13526.879 Thread 0x000001e140ead060 Unloading class 0x000000080219e8b0 'jdk/internal/jimage/BasicImageReader'
Event: 13526.879 Thread 0x000001e140ead060 Unloading class 0x000000080219e690 'jdk/internal/jimage/ImageReader'
Event: 13526.879 Thread 0x000001e140ead060 Unloading class 0x000000080219e468 'jdk/internal/jrtfs/SystemImage$2'
Event: 13526.879 Thread 0x000001e140ead060 Unloading class 0x000000080131f5d8 'jdk/internal/jrtfs/SystemImage$$Lambda$7434+0x000000080131f5d8'
Event: 13526.879 Thread 0x000001e140ead060 Unloading class 0x000000080219e238 'jdk/internal/jrtfs/ExplodedImage'
Event: 13526.879 Thread 0x000001e140ead060 Unloading class 0x000000080219e000 'jdk/internal/jrtfs/SystemImage$1'
Event: 13526.879 Thread 0x000001e140ead060 Unloading class 0x00000008021a05d8 'jdk/internal/jrtfs/SystemImage'
Event: 13526.879 Thread 0x000001e140ead060 Unloading class 0x000000080131f378 'jdk/internal/jrtfs/JrtFileStore'
Event: 13526.879 Thread 0x000001e140ead060 Unloading class 0x000000080131f000 'jdk/internal/jrtfs/JrtPath'
Event: 13526.879 Thread 0x000001e140ead060 Unloading class 0x00000008021a02e0 'jdk/internal/jrtfs/JrtFileSystem'
Event: 13526.879 Thread 0x000001e140ead060 Unloading class 0x00000008021a0000 'jdk/internal/jrtfs/JrtFileSystemProvider'
Event: 13564.542 Thread 0x000001e140ead060 Unloading class 0x0000000802264800 'java/lang/invoke/LambdaForm$MH+0x0000000802264800'
Event: 13576.814 Thread 0x000001e140ead060 Unloading class 0x0000000802343800 'java/lang/invoke/LambdaForm$MH+0x0000000802343800'
Event: 13684.249 Thread 0x000001e140ead060 Unloading class 0x0000000802353800 'java/lang/invoke/LambdaForm$MH+0x0000000802353800'

Classes redefined (0 events):
No events

Internal exceptions (20 events):
Event: 15886.122 Thread 0x000001e14df70ec0 Exception <a 'sun/nio/fs/WindowsException'{0x00000000c6d0ed00}> (0x00000000c6d0ed00) 
thrown [c:\sb\prod\1715191057\workspace\open\src\hotspot\share\prims\jni.cpp, line 516]
Event: 15886.122 Thread 0x000001e14df70ec0 Exception <a 'sun/nio/fs/WindowsException'{0x00000000c6d0fb98}> (0x00000000c6d0fb98) 
thrown [c:\sb\prod\1715191057\workspace\open\src\hotspot\share\prims\jni.cpp, line 516]
Event: 15886.122 Thread 0x000001e14df70ec0 Exception <a 'sun/nio/fs/WindowsException'{0x00000000c6d0fc28}> (0x00000000c6d0fc28) 
thrown [c:\sb\prod\1715191057\workspace\open\src\hotspot\share\prims\jni.cpp, line 516]
Event: 15886.122 Thread 0x000001e14df70ec0 Exception <a 'sun/nio/fs/WindowsException'{0x00000000c6d0ffe8}> (0x00000000c6d0ffe8) 
thrown [c:\sb\prod\1715191057\workspace\open\src\hotspot\share\prims\jni.cpp, line 516]
Event: 15886.122 Thread 0x000001e14df70ec0 Exception <a 'sun/nio/fs/WindowsException'{0x00000000c6d11e30}> (0x00000000c6d11e30) 
thrown [c:\sb\prod\1715191057\workspace\open\src\hotspot\share\prims\jni.cpp, line 516]
Event: 15888.387 Thread 0x000001e1511db6b0 Exception <a 'sun/nio/fs/WindowsException'{0x00000000ba22fd58}> (0x00000000ba22fd58) 
thrown [c:\sb\prod\1715191057\workspace\open\src\hotspot\share\prims\jni.cpp, line 516]
Event: 15888.387 Thread 0x000001e1511db6b0 Exception <a 'sun/nio/fs/WindowsException'{0x00000000ba22fe18}> (0x00000000ba22fe18) 
thrown [c:\sb\prod\1715191057\workspace\open\src\hotspot\share\prims\jni.cpp, line 516]
Event: 15888.387 Thread 0x000001e1511db6b0 Exception <a 'sun/nio/fs/WindowsException'{0x00000000ba230228}> (0x00000000ba230228) 
thrown [c:\sb\prod\1715191057\workspace\open\src\hotspot\share\prims\jni.cpp, line 516]
Event: 15888.459 Thread 0x000001e14df70ec0 Exception <a 'sun/nio/fs/WindowsException'{0x00000000b979a600}> (0x00000000b979a600) 
thrown [c:\sb\prod\1715191057\workspace\open\src\hotspot\share\prims\jni.cpp, line 516]
Event: 15888.459 Thread 0x000001e14df70ec0 Exception <a 'sun/nio/fs/WindowsException'{0x00000000b979a920}> (0x00000000b979a920) 
thrown [c:\sb\prod\1715191057\workspace\open\src\hotspot\share\prims\jni.cpp, line 516]
Event: 15888.460 Thread 0x000001e14df70ec0 Exception <a 'sun/nio/fs/WindowsException'{0x00000000b979ca78}> (0x00000000b979ca78) 
thrown [c:\sb\prod\1715191057\workspace\open\src\hotspot\share\prims\jni.cpp, line 516]
Event: 15888.460 Thread 0x000001e14df70ec0 Exception <a 'sun/nio/fs/WindowsException'{0x00000000b979cd68}> (0x00000000b979cd68) 
thrown [c:\sb\prod\1715191057\workspace\open\src\hotspot\share\prims\jni.cpp, line 516]
Event: 15888.530 Thread 0x000001e14df72200 Exception <a 'sun/nio/fs/WindowsException'{0x00000000b8dcf650}> (0x00000000b8dcf650) 
thrown [c:\sb\prod\1715191057\workspace\open\src\hotspot\share\prims\jni.cpp, line 516]
Event: 15888.530 Thread 0x000001e14df72200 Exception <a 'sun/nio/fs/WindowsException'{0x00000000b8dd1050}> (0x00000000b8dd1050) 
thrown [c:\sb\prod\1715191057\workspace\open\src\hotspot\share\prims\jni.cpp, line 516]
Event: 15888.530 Thread 0x000001e14df72200 Exception <a 'sun/nio/fs/WindowsException'{0x00000000b8dd2928}> (0x00000000b8dd2928) 
thrown [c:\sb\prod\1715191057\workspace\open\src\hotspot\share\prims\jni.cpp, line 516]
Event: 15888.541 Thread 0x000001e14df72200 Exception <a 'sun/nio/fs/WindowsException'{0x00000000b8c42900}> (0x00000000b8c42900) 
thrown [c:\sb\prod\1715191057\workspace\open\src\hotspot\share\prims\jni.cpp, line 516]
Event: 15888.541 Thread 0x000001e14df72200 Exception <a 'sun/nio/fs/WindowsException'{0x00000000b8c49030}> (0x00000000b8c49030) 
thrown [c:\sb\prod\1715191057\workspace\open\src\hotspot\share\prims\jni.cpp, line 516]
Event: 15888.542 Thread 0x000001e14df72200 Exception <a 'sun/nio/fs/WindowsException'{0x00000000b8c4f780}> (0x00000000b8c4f780) 
thrown [c:\sb\prod\1715191057\workspace\open\src\hotspot\share\prims\jni.cpp, line 516]
Event: 15888.542 Thread 0x000001e14d2f2090 Exception <a 'sun/nio/fs/WindowsException'{0x00000000b8c6b050}> (0x00000000b8c6b050) 
thrown [c:\sb\prod\1715191057\workspace\open\src\hotspot\share\prims\jni.cpp, line 516]
Event: 15888.542 Thread 0x000001e14d2f2090 Exception <a 'sun/nio/fs/WindowsException'{0x00000000b8c6b340}> (0x00000000b8c6b340) 
thrown [c:\sb\prod\1715191057\workspace\open\src\hotspot\share\prims\jni.cpp, line 516]

VM Operations (20 events):
Event: 15883.789 Executing VM operation: ICBufferFull
Event: 15883.789 Executing VM operation: ICBufferFull done
Event: 15883.974 Executing VM operation: HandshakeAllThreads
Event: 15883.975 Executing VM operation: HandshakeAllThreads done
Event: 15884.017 Executing VM operation: ICBufferFull
Event: 15884.018 Executing VM operation: ICBufferFull done
Event: 15884.160 Executing VM operation: ICBufferFull
Event: 15884.160 Executing VM operation: ICBufferFull done
Event: 15884.298 Executing VM operation: HandshakeAllThreads
Event: 15884.299 Executing VM operation: HandshakeAllThreads done
Event: 15884.860 Executing VM operation: ICBufferFull
Event: 15884.861 Executing VM operation: ICBufferFull done
Event: 15885.233 Executing VM operation: G1CollectForAllocation
Event: 15885.271 Executing VM operation: G1CollectForAllocation done
Event: 15885.709 Executing VM operation: G1CollectForAllocation
Event: 15885.736 Executing VM operation: G1CollectForAllocation done
Event: 15886.737 Executing VM operation: Cleanup
Event: 15886.737 Executing VM operation: Cleanup done
Event: 15888.556 Executing VM operation: G1TryInitiateConcMark
Event: 15888.562 Executing VM operation: G1TryInitiateConcMark done

Events (20 events):
Event: 15886.151 Thread 0x000001e148992dd0 Thread added: 0x000001e148992dd0
Event: 15886.189 Thread 0x000001e148993770 Thread added: 0x000001e148993770
Event: 15886.190 Thread 0x000001e148993c40 Thread added: 0x000001e148993c40
Event: 15887.047 Thread 0x000001e151301550 Thread added: 0x000001e151301550
Event: 15888.323 Thread 0x000001e15caef620 Thread exited: 0x000001e15caef620
Event: 15888.324 Thread 0x000001e1513e82b0 Thread exited: 0x000001e1513e82b0
Event: 15888.463 Thread 0x000001e1489945e0 Thread added: 0x000001e1489945e0
Event: 15888.485 Thread 0x000001e15caf1990 Thread added: 0x000001e15caf1990
Event: 15888.492 Thread 0x000001e151ae9c60 Thread added: 0x000001e151ae9c60
Event: 15888.553 Thread 0x000001e1511de6d0 Thread added: 0x000001e1511de6d0
Event: 15888.553 Thread 0x000001e14e5b7820 Thread added: 0x000001e14e5b7820
Event: 15888.554 Thread 0x000001e151301a20 Thread added: 0x000001e151301a20
Event: 15888.554 Thread 0x000001e14d3716d0 Thread added: 0x000001e14d3716d0
Event: 15888.555 Thread 0x000001e15155e4b0 Thread added: 0x000001e15155e4b0
Event: 15888.563 Thread 0x000001e1511dd390 Thread added: 0x000001e1511dd390
Event: 15888.567 Thread 0x000001e153730130 Thread added: 0x000001e153730130
Event: 15888.569 Thread 0x000001e155346500 Thread added: 0x000001e155346500
Event: 15888.574 Thread 0x000001e14e8cc4c0 Thread added: 0x000001e14e8cc4c0
Event: 15888.576 Thread 0x000001e1511dbb80 Thread added: 0x000001e1511dbb80
Event: 15888.579 Thread 0x000001e142ef8e70 Thread added: 0x000001e142ef8e70


Dynamic libraries:
0x00007ff65bb40000 - 0x00007ff65bb4e000 	E:\jdk-17.0.0.1\bin\java.exe
0x00007ffb8d1c0000 - 0x00007ffb8d426000 	C:\WINDOWS\SYSTEM32\ntdll.dll
0x00007ffb8bd80000 - 0x00007ffb8be49000 	C:\WINDOWS\System32\KERNEL32.DLL
0x00007ffb8ab30000 - 0x00007ffb8af2a000 	C:\WINDOWS\System32\KERNELBASE.dll
0x00007ffb8a480000 - 0x00007ffb8a5cc000 	C:\WINDOWS\System32\ucrtbase.dll
0x00007ffb864d0000 - 0x00007ffb864ea000 	E:\jdk-17.0.0.1\bin\VCRUNTIME140.dll
0x00007ffb7c5c0000 - 0x00007ffb7c5d8000 	E:\jdk-17.0.0.1\bin\jli.dll
0x00007ffb8b880000 - 0x00007ffb8ba47000 	C:\WINDOWS\System32\USER32.dll
0x00007ffb79110000 - 0x00007ffb793a2000 	C:\WINDOWS\WinSxS\amd64_microsoft.windows.common-controls_6595b64144ccf1df_6.0.26100.8521_none_3e08b75ce33403b3\COMCTL32.dll
0x00007ffb8a450000 - 0x00007ffb8a477000 	C:\WINDOWS\System32\win32u.dll
0x00007ffb8af30000 - 0x00007ffb8afd9000 	C:\WINDOWS\System32\msvcrt.dll
0x00007ffb8cb20000 - 0x00007ffb8cb4b000 	C:\WINDOWS\System32\GDI32.dll
0x00007ffb8a7f0000 - 0x00007ffb8a91b000 	C:\WINDOWS\System32\gdi32full.dll
0x00007ffb8a680000 - 0x00007ffb8a723000 	C:\WINDOWS\System32\msvcp_win.dll
0x00007ffb8cae0000 - 0x00007ffb8cb12000 	C:\WINDOWS\System32\IMM32.DLL
0x00007ffb7cc30000 - 0x00007ffb7cc3c000 	E:\jdk-17.0.0.1\bin\vcruntime140_1.dll
0x00007ffadd710000 - 0x00007ffadd79d000 	E:\jdk-17.0.0.1\bin\msvcp140.dll
0x00007ffa48c10000 - 0x00007ffa497d0000 	E:\jdk-17.0.0.1\bin\server\jvm.dll
0x00007ffb8cd30000 - 0x00007ffb8cde6000 	C:\WINDOWS\System32\ADVAPI32.dll
0x00007ffb8be60000 - 0x00007ffb8bf0a000 	C:\WINDOWS\System32\sechost.dll
0x00007ffb8bf20000 - 0x00007ffb8c038000 	C:\WINDOWS\System32\RPCRT4.dll
0x00007ffb8bf10000 - 0x00007ffb8bf18000 	C:\WINDOWS\System32\PSAPI.DLL
0x00007ffb67dc0000 - 0x00007ffb67dca000 	C:\WINDOWS\SYSTEM32\WSOCK32.dll
0x00007ffb827d0000 - 0x00007ffb82806000 	C:\WINDOWS\SYSTEM32\WINMM.dll
0x00007ffb8b7f0000 - 0x00007ffb8b870000 	C:\WINDOWS\System32\WS2_32.dll
0x00007ffb84540000 - 0x00007ffb8454b000 	C:\WINDOWS\SYSTEM32\VERSION.dll
0x00007ffb891a0000 - 0x00007ffb891bb000 	C:\WINDOWS\SYSTEM32\kernel.appcore.dll
0x00007ffb7aac0000 - 0x00007ffb7aaca000 	E:\jdk-17.0.0.1\bin\jimage.dll
0x00007ffb879a0000 - 0x00007ffb87be2000 	C:\WINDOWS\SYSTEM32\DBGHELP.DLL
0x00007ffb8cdf0000 - 0x00007ffb8d173000 	C:\WINDOWS\System32\combase.dll
0x00007ffb8c270000 - 0x00007ffb8c349000 	C:\WINDOWS\System32\OLEAUT32.dll
0x00007ffb7ae20000 - 0x00007ffb7ae5b000 	C:\WINDOWS\SYSTEM32\dbgcore.DLL
0x00007ffb8a5d0000 - 0x00007ffb8a678000 	C:\WINDOWS\System32\bcryptPrimitives.dll
0x00007ffb7aa70000 - 0x00007ffb7aa7e000 	E:\jdk-17.0.0.1\bin\instrument.dll
0x00007ffb713e0000 - 0x00007ffb71405000 	E:\jdk-17.0.0.1\bin\java.dll
0x00007ffadd630000 - 0x00007ffadd706000 	E:\jdk-17.0.0.1\bin\svml.dll
0x00007ffb8c350000 - 0x00007ffb8cad4000 	C:\WINDOWS\System32\SHELL32.dll
0x00007ffb87bf0000 - 0x00007ffb88470000 	C:\WINDOWS\SYSTEM32\windows.storage.dll
0x00007ffb8afe0000 - 0x00007ffb8b0d6000 	C:\WINDOWS\System32\SHCORE.dll
0x00007ffb8b660000 - 0x00007ffb8b6c7000 	C:\WINDOWS\System32\shlwapi.dll
0x00007ffb8a370000 - 0x00007ffb8a399000 	C:\WINDOWS\SYSTEM32\profapi.dll
0x00007ffadd550000 - 0x00007ffadd568000 	E:\jdk-17.0.0.1\bin\zip.dll
0x00007ffb7a8e0000 - 0x00007ffb7a8f9000 	E:\jdk-17.0.0.1\bin\net.dll
0x00007ffb83dc0000 - 0x00007ffb83ee9000 	C:\WINDOWS\SYSTEM32\WINHTTP.dll
0x00007ffb896f0000 - 0x00007ffb8975c000 	C:\WINDOWS\system32\mswsock.dll
0x00007ffb75bd0000 - 0x00007ffb75be5000 	E:\jdk-17.0.0.1\bin\nio.dll
0x00007ffb716f0000 - 0x00007ffb71700000 	E:\jdk-17.0.0.1\bin\verify.dll
0x00007ffb565d0000 - 0x00007ffb565f7000 	D:\Android\GradleRepository\native\660c5614fbf4a5f2a75b1949f50a0caf5cd603558e7d8a26e50b933a0cfb79d1\windows-amd64\native-platform.dll
0x00007ffb22410000 - 0x00007ffb22487000 	D:\Android\GradleRepository\native\0.2.8\x86_64-windows-gnu\gradle-fileevents.dll
0x00007ffb76ef0000 - 0x00007ffb76ef9000 	E:\jdk-17.0.0.1\bin\management.dll
0x00007ffb71670000 - 0x00007ffb7167b000 	E:\jdk-17.0.0.1\bin\management_ext.dll
0x00007ffb88b80000 - 0x00007ffb88bb3000 	C:\WINDOWS\SYSTEM32\IPHLPAPI.DLL
0x00007ffb8bcd0000 - 0x00007ffb8bcda000 	C:\WINDOWS\System32\NSI.dll
0x00007ffb83da0000 - 0x00007ffb83dbd000 	C:\WINDOWS\SYSTEM32\dhcpcsvc6.DLL
0x00007ffb83d70000 - 0x00007ffb83d95000 	C:\WINDOWS\SYSTEM32\dhcpcsvc.DLL
0x00007ffb88c70000 - 0x00007ffb88dba000 	C:\WINDOWS\SYSTEM32\DNSAPI.dll
0x00007ffb89530000 - 0x00007ffb8953d000 	C:\WINDOWS\SYSTEM32\DSPARSE.dll
0x00007ffb89af0000 - 0x00007ffb89b0b000 	C:\WINDOWS\SYSTEM32\CRYPTSP.dll
0x00007ffb89100000 - 0x00007ffb89139000 	C:\WINDOWS\system32\rsaenh.dll
0x00007ffb897a0000 - 0x00007ffb897d3000 	C:\WINDOWS\SYSTEM32\USERENV.dll
0x00007ffb8a340000 - 0x00007ffb8a36a000 	C:\WINDOWS\SYSTEM32\bcrypt.dll
0x00007ffb89950000 - 0x00007ffb8995c000 	C:\WINDOWS\SYSTEM32\CRYPTBASE.dll
0x00007ffb79570000 - 0x00007ffb7957e000 	E:\jdk-17.0.0.1\bin\sunmscapi.dll
0x00007ffb8a9b0000 - 0x00007ffb8ab28000 	C:\WINDOWS\System32\CRYPT32.dll
0x00007ffb89cc0000 - 0x00007ffb89cf0000 	C:\WINDOWS\SYSTEM32\ncrypt.dll
0x00007ffb89c70000 - 0x00007ffb89caf000 	C:\WINDOWS\SYSTEM32\NTASN1.dll
0x00007ffb5bfb0000 - 0x00007ffb5bfb8000 	C:\WINDOWS\system32\wshunix.dll
0x00007ffb892c0000 - 0x00007ffb892f6000 	C:\WINDOWS\SYSTEM32\ntmarta.dll
0x00007ffb7ac50000 - 0x00007ffb7ac57000 	E:\jdk-17.0.0.1\bin\rmi.dll
0x00007ffb1f1f0000 - 0x00007ffb1f231000 	C:\Users\23982\AppData\Local\Temp\jna-47751954\jna3806995940274407029.dll

dbghelp: loaded successfully - version: 4.0.5 - missing functions: none
symbol engine: initialized successfully - sym options: 0x614 - pdb path: .;E:\jdk-17.0.0.1\bin;C:\WINDOWS\SYSTEM32;C:\WINDOWS\WinSxS\amd64_microsoft.windows.common-controls_6595b64144ccf1df_6.0.26100.8521_none_3e08b75ce33403b3;E:\jdk-17.0.0.1\bin\server;D:\Android\GradleRepository\native\660c5614fbf4a5f2a75b1949f50a0caf5cd603558e7d8a26e50b933a0cfb79d1\windows-amd64;D:\Android\GradleRepository\native\0.2.8\x86_64-windows-gnu;C:\Users\23982\AppData\Local\Temp\jna-47751954

VM Arguments:
jvm_args: --add-opens=java.base/java.lang=ALL-UNNAMED --add-opens=java.base/java.lang.invoke=ALL-UNNAMED --add-opens=java.base/java.util=ALL-UNNAMED --add-opens=java.prefs/java.util.prefs=ALL-UNNAMED --add-exports=jdk.compiler/com.sun.tools.javac.api=ALL-UNNAMED --add-exports=jdk.compiler/com.sun.tools.javac.util=ALL-UNNAMED --add-opens=java.base/java.util=ALL-UNNAMED --add-opens=java.prefs/java.util.prefs=ALL-UNNAMED --add-opens=java.base/java.nio.charset=ALL-UNNAMED --add-opens=java.base/java.net=ALL-UNNAMED --add-opens=java.base/java.util.concurrent=ALL-UNNAMED --add-opens=java.base/java.util.concurrent.atomic=ALL-UNNAMED --add-opens=java.xml/javax.xml.namespace=ALL-UNNAMED --add-opens=java.base/java.time=ALL-UNNAMED -Xmx2048m -Dfile.encoding=UTF-8 -Duser.country=CN -Duser.language=zh -Duser.variant -javaagent:D:\Android\GradleRepository\wrapper\dists\gradle-9.3.1-bin\23ovyewtku6u96viwx3xl3oks\gradle-9.3.1\lib\agents\gradle-instrumentation-agent-9.3.1.jar 
java_command: org.gradle.launcher.daemon.bootstrap.GradleDaemon 9.3.1
java_class_path (initial): D:\Android\GradleRepository\wrapper\dists\gradle-9.3.1-bin\23ovyewtku6u96viwx3xl3oks\gradle-9.3.1\lib\gradle-daemon-main-9.3.1.jar
Launcher Type: SUN_STANDARD

[Global flags]
     intx CICompilerCount                          = 4                                         {product} {ergonomic}
     uint ConcGCThreads                            = 3                                         {product} {ergonomic}
     uint G1ConcRefinementThreads                  = 10                                        {product} {ergonomic}
   size_t G1HeapRegionSize                         = 1048576                                   {product} {ergonomic}
    uintx GCDrainStackTargetSize                   = 64                                        {product} {ergonomic}
   size_t InitialHeapSize                          = 534773760                                 {product} {ergonomic}
   size_t MarkStackSize                            = 4194304                                   {product} {ergonomic}
   size_t MaxHeapSize                              = 2147483648                                {product} {command line}
   size_t MaxNewSize                               = 1287651328                                {product} {ergonomic}
   size_t MinHeapDeltaBytes                        = 1048576                                   {product} {ergonomic}
   size_t MinHeapSize                              = 8388608                                   {product} {ergonomic}
    uintx NonNMethodCodeHeapSize                   = 5839372                                {pd product} {ergonomic}
    uintx NonProfiledCodeHeapSize                  = 122909434                              {pd product} {ergonomic}
    uintx ProfiledCodeHeapSize                     = 122909434                              {pd product} {ergonomic}
    uintx ReservedCodeCacheSize                    = 251658240                              {pd product} {ergonomic}
     bool SegmentedCodeCache                       = true                                      {product} {ergonomic}
   size_t SoftMaxHeapSize                          = 2147483648                             {manageable} {ergonomic}
     bool UseCompressedClassPointers               = true                           {product lp64_product} {ergonomic}
     bool UseCompressedOops                        = true                           {product lp64_product} {ergonomic}
     bool UseG1GC                                  = true                                      {product} {ergonomic}
     bool UseLargePagesIndividualAllocation        = false                                  {pd product} {ergonomic}

Logging:
Log output configuration:
 #0: stdout all=warning uptime,level,tags
 #1: stderr all=off uptime,level,tags

Environment Variables:
JAVA_HOME=E:\jdk-17.0.0.1
PATH=C:\Users\23982\.codex\tmp\arg0\codex-arg090GcjN;C:\Users\23982\.cache\codex-runtimes\codex-primary-runtime\dependencies\bin;E:\chanDao\ZenTao\zbox\nssm\win64;C:\WINDOWS\system32;C:\WINDOWS;C:\WINDOWS\System32\Wbem;C:\WINDOWS\System32\WindowsPowerShell\v1.0\;C:\WINDOWS\System32\OpenSSH\;E:\jdk-17.0.0.1\bin;D:\apache-maven-3.9.14-bin\apache-maven-3.9.14\bin;D:\Android\Sdk\tools;D:\Android\Sdk\platform-tools;E:\Git\cmd;E:\node\;C:\Program Files\MySQL\MySQL Server 8.0\bin;C:\Users\23982\AppData\Local\Microsoft\WindowsApps;E:\Microsoft VS Code\bin;E:\node\node_global;C:\Program Files\GitHub CLI\;C:\Program Files\Docker\Docker\resources\bin;C:\Users\23982\AppData\Local\Programs\Python\Launcher\;E:\Wukong\0.9.51-26052503\bin\dingsync;E:\Wukong\0.9.56-26060201\bin\dingsync;E:\Wukong\0.9.56-26060502\bin\dingsync;E:\Wukong\0.9.61-26060905\bin\dingsync;E:\Wukong\0.9.61-26061206\bin\dingsync;C:\Users\23982\AppData\Local\OpenAI\Codex\bin\ada252862d154cdd;C:\Program Files\WindowsApps\OpenAI.Codex_26.623.11225.0_x64__2p2nqsd0c76g0\app\resources
USERNAME=23982
SHELL=C:\WINDOWS\System32\WindowsPowerShell\v1.0\powershell.exe
LANG=C.UTF-8
LC_ALL=C.UTF-8
LC_CTYPE=C.UTF-8
OS=Windows_NT
PROCESSOR_IDENTIFIER=Intel64 Family 6 Model 165 Stepping 5, GenuineIntel



---------------  S Y S T E M  ---------------

OS:
 Windows 10 , 64 bit Build 26100 (10.0.26100.8521)
OS uptime: 2 days 0:17 hours
Hyper-V role detected

CPU: total 12 (initial active 12) (6 cores per cpu, 2 threads per core) family 6 model 165 stepping 5 microcode 0xf0, cx8, cmov, fxsr, ht, mmx, 3dnowpref, sse, sse2, sse3, ssse3, sse4.1, sse4.2, popcnt, lzcnt, tsc, tscinvbit, avx, avx2, erms, clmul, bmi1, bmi2, adx, fma, vzeroupper, clflush, clflushopt, hv

Memory: 4k page, system-wide physical 32634M (6176M free)
TotalPageFile size 52090M (AvailPageFile size 6563M)
current process WorkingSet (physical memory assigned to process): 1199M, peak: 1670M
current process commit charge ("private bytes"): 1661M, peak: 1876M

vm_info: OpenJDK 64-Bit Server VM (17.0.0.1+2-3) for windows-amd64 JRE (17.0.0.1+2-3), built on May  8 2024 19:05:00 by "mach5one" with MS VC++ 16.8 (VS2019)

END.
